sentence_id,real_sentence_en,real_sentence_ar,pseudo_sentence_ar_from_all_eyal_words
1,"Act One, Monkey in the Middle.","الفصل الأول، القرد في المنتصف.",حملة قرد وسط
2,"So there's some places where animals almost never go, places that are designed by humans for humans.","هناك أماكن لا تكاد تذهب إليها الحيوانات أبداً، أماكن صُممت من قبل البشر وللبشر.",الأماكن الحيوانات يذهب الأماكن مصمم الجنس البشري الجنس البشري
3,"This act ends up in a place like that, but it starts about as far from there as you can get.","ينتهي هذا الفصل في مكان كهذا، لكنه يبدأ بعيداً عنه بأقصى ما يمكن تصوره.",حملة نهاية مكان بدء
4,Dana Chivvis explains.,دانا تشيفيس تشرح.,يشرح
5,Our story begins deep in the rainforests of Indonesia on an island called Sulawesi.,تبدأ قصتنا في أعماق غابات إندونيسيا المطيرة على جزيرة تسمى سولاويسي.,قصة بدء عميق الغابات المطيرة غير مُسَمًّى
6,"A few years ago, the photographer David Slater traveled there from his home in England to photograph a troop of monkeys.","قبل سنوات قليلة، سافر المصور ديفيد سلاتر إلى هناك من منزله في إنجلترا لتصوير قطيع من القردة.",كم سنة؟ مصور يسافر منزل إنجلترا تصوير فرقة القرود
7,"I'd gone a whole day just following them into the thick of the forest, through the tangles and the vines and the muddy undergrowth and the cobwebs and the poisonous snakes.","قضيت يوماً كاملاً أتبعهم إلى أعماق الغابة، عبر التشابكات والكروم والنباتات الطينية وبيوت العناكب والثعابين السامة.",مجهول الجميع يوم التالي سميك غابة الكروم موحل تشابك بيت العنكبوت سامة الثعابين
8,"Oh, man.",يا إلهي.,شخص
9,"You name it, I had to go through it.","كل شيء يمكنك تخيله، كان علي المرور به.",اسم يذهب
10,And it was just so amazing just to be like a monkey.,وكان من الرائع جداً أن تكون مثل القرد.,مدهش قرد
11,I was a monkey honestly.,كنت قرداً بصدق.,قرد
12,"I had met monkeys before, like I said, all over the world.","لقد التقيت بالقردة من قبل، كما قلت، في جميع أنحاء العالم.",يقابل القرود يقول متوسط عالم
13,"And I know a little bit about monkey etiquette and showing your teeth not to show your teeth, not to stare them in the face.","وأنا أعرف قليلاً عن آداب القردة وإظهار أسنانك وعدم إظهارها، وعدم التحديق في وجوهها.",يعرف يعرف قليلاً قليلاً قرد قرد آداب السلوك عرض تقديمي أسنان عرض أسنان التحديق وجه
14,"Yeah, this is one of the secrets, actually, of being able to get good photography is making the animal relaxed.","نعم، هذا في الواقع أحد أسرار التصوير الجيد، وهو جعل الحيوان مرتاحاً.",أسرار قادر جيد التصوير الفوتوغرافي تحضير حيوان هادئ
15,There was one shot David really wanted to get a full face portrait with a wide angle lens.,"كان هناك لقطة واحدة يريد ديفيد الحصول عليها حقاً، صورة وجه كاملة بعدسة زاوية واسعة.",ركلة مطلوب ممتلىء وجه لَوحَة عدسة
16,"But every time he got close to taking the shot, the monkeys would look away.","لكن في كل مرة اقترب فيها من التقاط الصورة، كانت القردة تنظر بعيداً.",وقت أخذ ركلة القرود ينظر
17,"So after two days of these near misses, he changed strategies.","لذا بعد يومين من هذه المحاولات الفاشلة، غيّر استراتيجيته.",أيام المكالمات الفائتة تم التغيير الاستراتيجيات
18,He put his camera on a tripod and threw down some cookies to try to entice the monkeys over.,وضع كاميرته على حامل ثلاثي وألقى ببعض الكعك لمحاولة إغراء القردة بالاقتراب.,يضع آلة تصوير حامل ثلاثي القوائم رمي ملفات تعريف الارتباط يحاول إغراء القرود
19,He was hoping they'd get curious about the camera and start pushing the button themselves.,كان يأمل أن تشعر بالفضول تجاه الكاميرا وتبدأ في الضغط على الزر بنفسها.,يأمل فضولي آلة تصوير يبدأ الدفع
20,They were curious.,كانوا فضوليين.,فضولي
21,They were not pushing the button.,لم يكونوا يضغطون على الزر.,الدفع
22,So David attached a cable with a button on the end of it to the camera.,لذا ربط ديفيد كبلاً بزر في نهايته بالكاميرا.,مُرفَق كابل نهاية آلة تصوير
23,The monkeys liked that.,أعجب القردة ذلك.,القرود أعجبني
24,"They started playing with it, putting it in their mouths, fighting over it.","بدأوا باللعب به، ووضعه في أفواههم، والتشاجر عليه.",بدأ يلعب يضع الجنيات القتال
25,"And of course when it got pressed, they automatically looked into the lens.","وبالطبع عندما ضغطوا عليه، نظروا تلقائياً إلى العدسة.",بالطبع خارج ينظر عدسة
26,"And the fact that it's going ch, ch, ch, ch, ch, it's monkey language.","وحقيقة أنها تصدر صوت تش، تش، تش، تش، تش، هذه لغة القردة.",حقيقة ذاهب قرد لغة
27,They fired off a few shots.,التقطوا بعض الصور.,تم فصله من العمل عدد قليل لقطات
28,David reviewed them.,راجعها ديفيد.,تم اختباره
29,"They weren't bad, a little out of focus.","لم تكن سيئة، لكنها كانت خارج التركيز قليلاً.",سيء بعض ركز
30,So he adjusted the settings and put the camera back.,لذا ضبط الإعدادات وأعاد الكاميرا.,تم التعديل إعدادات يضع آلة تصوير
31,The monkeys were into the whole project by now.,كانت القردة منغمسة في المشروع بأكمله الآن.,القرود الجميع مشروع
32,"In fact, they were getting a little too excited.","في الواقع، كانوا يشعرون بالإثارة الشديدة.",حقيقة بعض متحمس
33,They almost knocked the tripod over.,كادوا يُسقطون الحامل الثلاثي.,طرق حامل ثلاثي القوائم
34,So David laid down on his stomach and stretched his arm out to steady the tripod with two fingers.,لذا استلقى ديفيد على بطنه ومد ذراعه لتثبيت الحامل بإصبعين.,شرط معدة التمدد ذراع مستقر حامل ثلاثي القوائم أصابع
35,A few other monkeys noticed their strange new friend lying full out on the floor and hopped onto his back.,لاحظت بعض القردة الأخرى صديقهم الجديد الغريب مستلقياً على الأرض وقفزت على ظهره.,عدد قليل آخر القرود انتبه غريب جديد صديق كذب ممتلىء أرضية قفز
36,"So I had monkeys on my back whilst I'm trying to keep my camera from being knocked, while some monkeys, or two or three monkeys, are trying to play with the button.","كان لدي قردة على ظهري بينما كنت أحاول منع الكاميرا من السقوط، في حين كان قردان أو ثلاثة يحاولون اللعب بالزر.",القرود محاولة احتياطي آلة تصوير طرق القرود محاولة القرود محاولة يلعب
37,"And all of a sudden, I heard the camera going off.","وفجأة، سمعت صوت الكاميرا تنطلق.",فجأة مسموع آلة تصوير ذاهب
38,And I didn't dare.,ولم أجرؤ.,لا تحدّي
39,"I knew that if I looked up at them, they would probably look away.","كنت أعلم أنني إذا نظرت إليهم، فربما سينظرون بعيداً.",معرفة ينظر ينظر
40,"So I let them click it, click it, click it.","لذا تركتهم يضغطون عليه، ويضغطون، ويضغطون.",يُمكَِن
41,"And I sort of very carefully looked up to see them pulling these amazing contorted faces, like howling mouths, and the smiling mouth, and more besides.","ونظرت بعناية شديدة لأرى وجوههم المُعبّرة المذهلة، كالأفواه العاوية، والأفواه المبتسمة، والمزيد.",يكتب ينظر يرى معلم سياحي مدهش مشوه وجوه عواء الجنيات مبتسماً هنا
42,"The monkeys were taking selfies amazing, beautiful, weird selfies.",كانت القردة تلتقط صور سيلفي مذهلة وجميلة وغريبة.,القرود أخذ صورة سيلفي مدهش جميل غريب صورة سيلفي
43,I just wanted it to go on forever really.,أردت فقط أن يستمر ذلك إلى الأبد.,مطلوب يذهب
44,"When David finally stood up and checked their work, he saw that the shots weren't just regular, old, everyday selfies.","عندما وقف ديفيد أخيراً وفحص عملهم، رأى أن الصور لم تكن مجرد سيلفي عادية.",وقف يفحص عمل مخصص لقطات ثابت قديم كل يوم صورة سيلفي
45,They weren't that guy at the gym taking pictures of his muscles in the mirror.,لم تكن كذلك الرجل في الصالة الرياضية يصور عضلاته في المرآة.,رجل نادي رياضي أخذ صور العضلات مظهر
46,"These were next level, transcendentally good.","كانت هذه صوراً على مستوى آخر، جيدة بشكل متعالٍ.",التالي مستوى جيد
47,They somehow escape the bounds of selfie and enter the realm of art.,إنها تتخطى حدود السيلفي بطريقة ما وتدخل عالم الفن.,يهرب حدود صورة سيلفي أدخل اِختِصاص فن
48,There was one shot in particular that caught David's eye.,كانت هناك لقطة واحدة بالذات لفتت انتباه ديفيد.,ركلة تأكيد أمسك عين
49,The monkey's face is very close to the camera looking straight into the lens.,وجه القرد قريب جداً من الكاميرا وينظر مباشرة إلى العدسة.,القرود وجه آلة تصوير أبحث عن عدسة
50,It's hair perfectly coiffed.,شعره مرتب بشكل مثالي.,بوابة
51,"Eyes friendly, big and round and amber.","عيون ودية، كبيرة ومستديرة وعنبرية.",عيون ودي كبير دائري كهرماني
52,"All of which are nice details, and details are important.","كل هذه تفاصيل جميلة، والتفاصيل مهمة.",لطيف - جيد تفاصيل تفاصيل مهم
53,"But the focus of this selfie, the main event, is the monkey's self satisfied grin teeth that are too big for its mouth with gaps between them, a real grin, like he knows he's smiling for a picture.","لكن محور هذه السيلفي، الحدث الرئيسي، هو ابتسامة القرد الراضية، أسنان أكبر من فمه بفراغات بينها، ابتسامة حقيقية، كأنه يعلم أنه يبتسم لصورة.",ركز صورة سيلفي رئيسي قضية القرود أنا راضٍ عن نفسي ابتسامة أسنان كبير هنا الفجوات حقيقي ابتسامة معرفة مبتسماً صورة
54,I just saw it on the front cover of National Geographic or something like that.,رأيتها للتو على غلاف ناشيونال جيوغرافيك أو شيء من هذا القبيل.,رأيت أمام ملزم
55,"And I just thought, I need to get this to my agents.","وفكرت فقط، أحتاج إلى إيصال هذا لوكلائي.",معتقد يحتاج الوكلاء
56,David and his agents put out a press release about the selfies.,أصدر ديفيد ووكلاؤه بياناً صحفياً حول صور السيلفي.,الوكلاء يضع بيان صحفي صورة سيلفي
57,They thought they could grab people's attention with the photos and then use the opportunity to send a message about conservation.,اعتقدوا أنهم يستطيعون جذب انتباه الناس بالصور ثم استغلال الفرصة لإرسال رسالة حول الحفاظ على البيئة.,معتقد يمسك الشعوب انتباه صور يستخدم فرصة يرسل رسالة حفظ
58,"And also they wanted to sell the pictures, of course.","وأيضاً أرادوا بيع الصور، بالطبع.",مطلوب يبيع صور بالطبع
59,"These monkeys, crested black macaques, are considered to be critically endangered, which is just one step before extinct in the wild.","هذه القردة، مكاك أسود مُعرَّف، تُعتبر في خطر انقراض حرج، وهو خطوة واحدة قبل الانقراض في البرية.",القرود أسود قرود المكاك يعتبر مهدد بالانقراض منصة منقرض بري
60,"They've lost 80 percent of their population in the last 40 years because of humans, which is why David went to Indonesia in the first place.","لقد فقدوا 80 بالمئة من تعدادهم في الأربعين سنة الماضية بسبب البشر، وهذا هو سبب ذهاب ديفيد إلى إندونيسيا أساساً.",ضائع شهادة سكان السنوات الأخيرة الجنس البشري مسافر أندونيسيا مكان
61,"He wanted to take photographs that would inspire us humans into caring more about these little monkeys, to stop killing them.","أراد التقاط صور تُلهمنا نحن البشر للاهتمام أكثر بهذه القردة الصغيرة، لإيقاف قتلها.",مطلوب يأخذ صور فوتوغرافية يحفز الجنس البشري هَم بعض القرود قف قتل
62,"The selfies didn't end up on the cover of National Geographic, but the British tabloids were interested.","لم تنتهِ صور السيلفي على غلاف ناشيونال جيوغرافيك، لكن الصحف الشعبية البريطانية أبدت اهتماماً.",صورة سيلفي لا نهاية غطاء بريطاني الصحف الشعبية مهتم
63,The Daily Mail was the first newspaper to publish the story about the selfies.,كانت الديلي ميل أول صحيفة تنشر القصة عن صور السيلفي.,بريد صحيفة انشر قصة صورة سيلفي
64,This was in 2011.,كان هذا في عام 2011.,
65,"Within an hour, it was all over your country, Australia, Germany.","في غضون ساعة، انتشرت في كل مكان، أمريكا، أستراليا، ألمانيا.",وقت ولاية أستراليا ألمانيا
66,I was getting emails everywhere.,كنت أتلقى رسائل إلكترونية من كل مكان.,رسائل البريد الإلكتروني
67,My inbox went crazy.,اجتاح صندوق الوارد الجنون.,صندوق الوارد مجنون
68,"People wanting to know the story, wanted to use the image.","الناس يريدون معرفة القصة، يريدون استخدام الصورة.",الناس يريد يعرف قصة يريد يستخدم صورة
69,"Literally, my phone was hot with calls.","حرفياً، كان هاتفي ساخناً من المكالمات.",هاتف حار المكالمات
70,"Over the next few months, the monkey selfies sold pretty well.","على مدى الأشهر القليلة التالية، بيعت صور سيلفي القرد بشكل جيد.",الأشهر القادمة صورة سيلفي مُباع
71,David was licensing them to publications and selling prints.,كان ديفيد يرخّصها للمنشورات ويبيع المطبوعات.,الترخيص المنشورات أُوكَازيُون مطبوعات
72,"And then one day, he goes online to research the monkeys.","ثم في يوم ما، دخل الإنترنت للبحث عن القردة.",يوم ذاهب بحث القرود
73,I started to just search crested black macaque one day in the Google.,بدأت فقط بالبحث عن المكاك الأسود المُعرَّف يوماً ما في جوجل.,بدأ يبحث أسود قرد المكاك يوم
74,"And there was Wikipedia, top of the list as always.","وكانت ويكيبيديا هناك، في أعلى القائمة كالعادة.",ويكيبيديا رأس قائمة
75,"I clicked on that, and there's my image.","نقرت عليها، وإذا بصورتي هناك.",انقر صورة
76,"And I thought, where have they got this from?","وفكرت، من أين حصلوا على هذا؟",معتقد
77,Have they been to Caters News Agency and paid a license fee for it?,هل ذهبوا إلى وكالة كيترز للأخبار ودفعوا رسوم ترخيص؟,خدمات الطعام وكالة أنباء مدفوع رخصة قسط
78,They had not.,لم يفعلوا.,
79,So I sent them a letter.,لذا أرسلت إليهم خطاباً.,مرسل خطاب
80,"Sent them a letter saying, I think you're using this without a license fee.","أرسلت إليهم خطاباً أقول فيه، أعتقد أنكم تستخدمون هذا دون رسوم ترخيص.",مرسل خطاب الحد الأقصى يفكر خلال رخصة قسط
81,"Could you show me one, or would you pay?","هل يمكنكم إظهار ترخيص، أو هل ستدفعون؟",عرض يدفع
82,"They wrote back, saying, this image we believe is public domain.","ردوا قائلين، نعتقد أن هذه الصورة ملك عام.",كتابة الحد الأقصى صورة يعتقد الملكية العامة
83,"In other words, anyone could use it without David's permission, for free.","بمعنى آخر، يمكن لأي شخص استخدامها دون إذن ديفيد، مجاناً.",كلمات أخرى يستخدم إذن يطلق
84,"To David, that was just stealing.","بالنسبة لديفيد، كان هذا مجرد سرقة.",سرقة
85,He makes a living from selling his pictures.,إنه يعيش من بيع صوره.,يفعل يعيش أُوكَازيُون صور
86,So it was really helpful to have one that was such a hit.,لذا كان من المفيد حقاً امتلاك صورة بهذا النجاح.,متعاون هذه يضرب
87,"But now, anyone could download it from Wikipedia and hang it on their wall or print it in their publication.","لكن الآن، يمكن لأي شخص تنزيلها من ويكيبيديا وتعليقها على الجدار أو طباعتها في منشوراتهم.",تحميل ويكيبيديا يشنق حائط مطبعة دعاية
88,Wikipedia's opinion is that information on the internet should be free.,رأي ويكيبيديا أن المعلومات على الإنترنت يجب أن تكون مجانية.,ويكيبيديا رأي معلومة إنترنت حر
89,And David soon learned that they had decided the selfie was in the public domain.,وسرعان ما علم ديفيد أنهم قرروا أن صورة السيلفي في الملك العام.,باحث مقرر صورة سيلفي الملكية العامة
90,Because the monkey pressed the button.,لأن القرد ضغط على الزر.,قرد خارج زر
91,So the monkey was technically the creator of the photo.,لذا فالقرد هو المنشئ التقني للصورة.,قرد الخالق تصوير
92,"But in Wikipedia's assessment, monkeys can't own copyrights.","لكن وفق تقييم ويكيبيديا، لا يمكن للقردة امتلاك حقوق نشر.",ويكيبيديا تقدير القرود له حقوق الطبع والنشر
93,"Hence, the photo was free and fair for all to use.","ومن ثَمّ، الصورة مجانية ومتاحة للجميع.",تصوير يطلق الاستخدام العادل
94,It belonged to the internet.,إنها ملك للإنترنت.,ينتمي إلى إنترنت
95,David was baffled.,كان ديفيد في حيرة.,مشوش
96,He thought.,فكّر.,معتقد
97,"Well, surely I've got the copyright.","حسناً، بالتأكيد لدي حقوق النشر.",حقوق الطبع والنشر
98,I set it all up.,أنا من نظّم كل شيء.,نظام
99,I've got the intent.,لديّ النية.,مركزة
100,I had the creativity.,لديّ الإبداع.,إِبداع
101,All the monkey did is press the button.,كل ما فعله القرد هو الضغط على الزر.,كل شئ قرد فعل يضعط زر
102,"Wikipedia includes a note below the photo, which reads, quote, ""This file is in the public domain because as the work of a non-human animal it has no human author in whom copyright is vested."" This decision of Wikipedia's, to declare the photo public domain, that was the opening volley in the monkey selfie battle to come.","تضمنت ويكيبيديا ملاحظة أسفل الصورة تقول: ""هذا الملف في الملك العام لأنه عمل حيوان غير بشري وليس له مؤلف بشري تُودَع فيه حقوق النشر."" هذا القرار من ويكيبيديا، بإعلان الصورة ملكاً عاماً، كان الطلقة الأولى في معركة سيلفي القرد القادمة.",ويكيبيديا مشتمل ملحوظة تصوير قارئ ملف الملكية العامة عمل حيوان بشر مؤلف حقوق الطبع والنشر استثمر قرار ويكيبيديا يعلن تصوير الملكية العامة افتتاح قرد صورة سيلفي معركة يأتي
103,"It was the moment when mother nature was shoved aside, and human nature, with its overstuffed baggage of laws and opinions and domination, took a seat.","كانت اللحظة التي دُفعت فيها الطبيعة جانباً، وجلست الطبيعة البشرية بأمتعتها المثقلة من القوانين والآراء والهيمنة.",لحظة الأم طبيعة يحث الطبيعة البشرية متخم أمتعة قواعد الآراء يتحكم درس مقعد
104,"David went on the offensive, assembled a team of lawyers, studied up on copyright law.","شنّ ديفيد هجومه، وجمع فريقاً من المحامين، وتعمّق في دراسة قانون حقوق النشر.",جارح معقد مجموعة المحامون محسوب قانون حقوق التأليف والنشر
105,He even looked into finding venture capitalists to fund a lawsuit against Wikipedia.,بل بحث حتى عن مستثمرين مغامرين لتمويل دعوى قضائية ضد ويكيبيديا.,ينظر إيجاد تحدّي الرأسماليون تمويل مطالبة ويكيبيديا
106,Wikimedia that's the foundation that owns Wikipedia they just gave him the finger.,"مؤسسة ويكيميديا، التي تمتلك ويكيبيديا، أدارت له ظهرها ببساطة.",ويكيميديا مالك ويكيبيديا منح إصبع
107,This was at their big conference in London.,كان هذا في مؤتمرهم الكبير في لندن.,كبير مؤتمر لندن
108,It's called Wikimania.,يُسمى ويكيمانيا.,مُسَمًّى
109,"One of the founders, Jimmy Wales, was there.","كان أحد المؤسسين، جيمي ويلز، حاضراً.",المؤسسون ويلز
110,"I soon got to know, from the good Wikipedians out there, that Jimmy Wales and many of the delegates were mocking me by printing out my image on great big boards that were placed all over the conference facility.",سرعان ما علمت من الويكيبيديين الطيبين هناك أن جيمي ويلز وكثيراً من المندوبين كانوا يسخرون مني بطباعة صورتي على لوحات كبيرة وضعوها في أنحاء قاعة المؤتمر.,يعرف جيد ويلز كثير الممثلون السخرية طباعة صورة كبير كبير المجالس تم وضعه مؤتمر جهاز
111,And Jimmy Wales and various other people were encouraging the delegates to take selfies with my selfie.,وكان جيمي ويلز وأشخاص آخرون يشجعون المندوبين على التقاط سيلفي مع سيلفيتي.,ويلز متنوع آخر الناس مشجع الممثلون يأخذ صورة سيلفي صورة سيلفي
112,That's just mean.,هذا مجرد خُبث.,متوسط
113,"There's quite a few of these images around the place on the internet, but the one with Jimmy Wales is particularly odious.","هناك كثير من هذه الصور على الإنترنت، لكن الصورة مع جيمي ويلز مثيرة للاشمئزاز بشكل خاص.",عدد قليل صور مكان إنترنت ويلز خطأ
114,Wait.,انتظر.,انتظر
115,I wanna look that up really fast here.,أريد البحث عن ذلك بسرعة هنا.,يريد ينظر سريع
116,Hang on.,تمهل.,يشنق
117,Yeah.,نعم.,
118,Jimmy Wales monkey selfie.,سيلفي جيمي ويلز مع القرد.,ويلز قرد صورة سيلفي
119,Jimmy Wales Wikimania.,جيمي ويلز ويكيمانيا.,ويلز
120,Here we go.,ها نحن ذا.,يذهب
121,"Oh, yeah.","آه، نعم.",
122,Look at that.,انظر إلى ذلك.,ينظر
123,"If you type Jimmy Wales monkey selfie into the Google, you'll find a photo of an adult male human holding his phone up in one hand and the monkey selfie in the other right next to his face.","إذا كتبت سيلفي جيمي ويلز مع القرد في جوجل، ستجد صورة لرجل بالغ يحمل هاتفه بيد وسيلفي القرد باليد الأخرى بجانب وجهه.",يكتب ويلز قرد صورة سيلفي يجد ذكر بالغ بشر حيازة هاتف يُسلِّم قرد صورة سيلفي آخر التالي وجه
124,And he's got his lips puckered up like a duck.,وشفتاه مُجعَّدتان كالبطة.,شفه مجعد يلوي
125,He looks ridiculous.,يبدو سخيفاً.,مظهر سخيف
126,"Now, is he is that face he's making is that.","الآن، هل ذلك الوجه الذي يصنعه هو.",وجه تحضير
127,"Well, it's like a duck face.","حسناً، إنه كوجه البطة.",يلوي وجه
128,I don't know where that comes from.,لا أعرف من أين يأتي ذلك.,لا أعرف. آت
129,I don't either.,أنا أيضاً لا أعرف.,لا تفعل ذلك.
130,But a lot of people seem to do this duck lips.,لكن يبدو أن كثيراً من الناس يفعلون شفاه البطة هذه.,حبكة الناس يعرض يفعل يلوي شفه
131,How did you feel when you saw that Jimmy Wales selfie with your monkey selfie?,كيف شعرت حين رأيت سيلفي جيمي ويلز مع سيلفي قردك؟,فعل يشعر مخصص ويلز صورة سيلفي قرد صورة سيلفي
132,So angry.,غاضب جداً.,غاضب
133,David was fighting Goliath.,كان ديفيد يقاتل جالوت.,القتال
134,"And then one day, the battle took on epic new proportions.","ثم في يوم ما، اتخذت المعركة أبعاداً ملحمية جديدة.",يوم معركة درس ملحمي جديد النسب
135,"It was like King Kong walked onto the scene, and now David had to battle him too.","كان كأن كينج كونج دخل إلى الساحة، وعلى ديفيد الآن محاربته أيضاً.",ملِك ذهبت. مشهد معركة
136,The dispute with Wikimedia had generated some press in the UK.,ولّد النزاع مع ويكيميديا بعض التغطية الإعلامية في المملكة المتحدة.,قسم ويكيميديا مخلوق يضعط
137,"And one day, David's wife was online.","وفي يوم ما، كانت زوجة ديفيد متصلة بالإنترنت.",يوم امرأة
138,There it was.,وإذا بها هناك.,
139,Photographer being sued by a monkey.,مصور يُقاضَى من قِبَل قرد.,مصور سو قرد
140,You found out the monkey was suing you because your wife found it online.,اكتشفت أن القرد يقاضيك لأن زوجتك وجدت ذلك على الإنترنت.,متاح قرد مطالبة امرأة يجد
141,Yeah.,نعم.,
142,"Just as I found out Wikipedia was stealing it because I stumbled across it, I also stumbled across the fact that I was being sued by a monkey.","تماماً كما اكتشفت أن ويكيبيديا تسرقها لأنني عثرت على ذلك صدفة، عثرت أيضاً على حقيقة أنني أُقاضَى من قِبَل قرد.",يجد ويكيبيديا سرقة مواجهة مواجهة حقيقة سو قرد
143,"The monkey in the selfie photos was suing him for copyright infringement with the help of PETA, People for the Ethical Treatment of Animals.","القرد في صور السيلفي كان يقاضيه بتهمة انتهاك حقوق النشر بمساعدة منظمة بيتا، منظمة الأشخاص من أجل المعاملة الأخلاقية للحيوانات.",قرد صورة سيلفي صور مطالبة انتهاك حقوق النشر يساعد الناس أخلاقي نسبة الحيوانات
144,David called his lawyers and said.,اتصل ديفيد بمحاميه وقال.,مُسَمًّى المحامون يقول
145,Look.,انظر.,ينظر
146,Have you seen what's happening now?,هل رأيت ما يحدث الآن؟,يرى يحدث
147,What can we do?,ماذا يمكننا أن نفعل؟,يفعل
148,"And they said, Dave, this is clearly an April Fools'.","وقالوا، ديف، هذا بوضوح مقلب في الأول من أبريل.",يقول الحمقى
149,Somebody is having you on.,شخص ما يخدعك.,رخام
150,"They said, just sit back.","قالوا، فقط اجلس واسترح.",يقول يجلس
151,Let's see what happens.,دعنا نرى ما سيحدث.,السماح يرى شعاع
152,But do not respond to it.,لكن لا تردّ عليه.,يفعل يرد يعرف
153,And you can't you've got nothing to worry about until you get served papers.,وليس عليك القلق بشأن أي شيء حتى تُسلَّم إليك الوثائق.,هَم تم تقديمه أوراق
154,Let's see what happens.,دعنا نرى ما سيحدث.,السماح يرى شعاع
155,Right.,صحيح.,
156,"And sure enough, one afternoon I was at home.","وبالفعل، في أحد بعد الظهر كنت في البيت.",تأمين ظهراً منزل
157,And there's a knock at the door.,وإذا بطرق على الباب.,طرق باب
158,And a man in a black suit was standing in my porch way.,ورجل ببدلة سوداء كان يقف في مدخل بيتي.,شخص أسود بدلة واقفاً الشرفة طريق
159,I opened the door.,فتحت الباب.,يفتح باب
160,He thrust a large A4 sized white envelope in my hand.,دفع إليّ مغلفاً أبيض كبير بحجم A4.,يحث كبير الحجم أبيض ظرف يُسلِّم
161,"And he says, I've been instructed to pass these to you.","وقال، تلقيت تعليمات بتسليمك هذه.",يقول أحد الوالدين يمر
162,"So I said, what are they?","فقلت، ما هذه؟",يقول
163,And I opened it in front of him.,وفتحته أمامه.,يفتح أمام
164,And I took it out.,وأخذته.,درس
165,"And I said to him, do you know what this is?","وقلت له، هل تعرف ما هذا؟",يقول يفعل يعرف
166,"And he said, not really.","فقال، ليس تماماً.",يقول
167,"I said, I'm being sued by a monkey.","قلت، يقاضيني قرد.",يقول سو قرد
168,And I showed him.,وأريته.,يعرض
169,And he started laughing.,وبدأ يضحك.,بدأ يضحك
170,And we had a little chat.,وتحدثنا قليلاً.,يتحدث سبب
171,Because he was just a local from a local firm down the road from me.,لأنه كان مجرد شخص محلي من شركة محلية قريبة مني.,محلي محلي صلب طريق
172,And he went on his merry way.,وذهب في طريقه بسعادة.,مسافر سعيد طريق
173,I've read the complaint.,قرأت الشكوى.,يقرأ شكوى
174,It's kind of weird.,إنها غريبة بعض الشيء.,غريب
175,You flip through pages and pages of legalese about copyright law.,تتصفح صفحات وصفحات من اللغة القانونية حول قانون حقوق النشر.,نقف الصفحات الصفحات قانون حقوق التأليف والنشر
176,"And then at the end when you get to the exhibits, it's just a bunch of monkey selfies, grinning, serious, howling monkey selfies like a legal document put together by Curious George.","وفي النهاية حين تصل إلى المرفقات، لا تجد سوى حفنة من سيلفيات القردة، مبتسمة، جادة، عاوية، كوثيقة قانونية أعدّها جورج الفضولي.",نهاية المعارض باقة قرد صورة سيلفي مبتسماً جاد عواء قرد صورة سيلفي وثيقة قانونية يضع فضولي
177,"The monkey, whose name is Naruto, was suing David through his next friends, People for the Ethical Treatment of Animals.","القرد، الذي يُدعى ناروتو، كان يقاضي ديفيد عبر أصدقائه المقربين، منظمة بيتا.",قرد اسم مطالبة التالي أصدقاء الناس أخلاقي نسبة الحيوانات
178,"The case is officially called Naruto, a Crested Macaque, by and through his Next Friends, People for the Ethical Treatment of Animals, Inc., v David John Slater, an Individual.","القضية تُسمى رسمياً: ناروتو، مكاك مُعرَّف، بواسطة أصدقائه المقربين، منظمة الأشخاص من أجل المعاملة الأخلاقية للحيوانات المحدودة، ضد ديفيد جون سلاتر، فرد.",قضية مُسَمًّى قرد المكاك التالي أصدقاء الناس أخلاقي نسبة الحيوانات شخصي
179,"In legal parlance, next friend is a status like guardian.","في اللغة القانونية، الصديق المقرب وضع مشابه للوصي.",قانوني لغة التالي صديق حالة الوصي
180,"When someone can't represent themselves in court, the next friend can step in for them.","عندما لا يستطيع شخص تمثيل نفسه في المحكمة، يمكن للصديق المقرب التدخل نيابة عنه.",يمثل محكمة التالي صديق منصة
181,That's just the same as if it was a baby or a disabled adult who couldn't speak or represent himself.,هذا تماماً كما لو كان طفلاً أو بالغاً معاقاً لا يستطيع التكلم أو تمثيل نفسه.,له طفل عاجز بالغ يتحدث يمثل
182,I see.,أرى.,يرى
183,That's not unusual in human law.,هذا ليس غريباً في القانون البشري.,نادِر بشر قانون
184,PETA has a reputation for pulling stunts to attract attention to the plight of animals.,تشتهر منظمة بيتا بتنفيذ مقالب لجذب الانتباه إلى معاناة الحيوانات.,سمعة معلم سياحي حركات بهلوانية لجذب الانتباه الموقف الحيوانات
185,"Once, they dumped horse manure on the sidewalk outside Gordon Ramsay's restaurant in London after a guest on his cooking show made a dish with horse meat.","في إحدى المرات، ألقوا روث الخيل على الرصيف خارج مطعم غوردون رامزي في لندن بعد أن صنع أحد ضيوف برنامجه الطهوي طبقاً بلحم الخيل.",رمي حصان الرصيف غوردون رمسيس مطعم لندن ضيف طبخ عرض صنع جرعة حصان لحمة
186,They made a comic book called Your Mommy Kills Animals and then handed it out to moms who were wearing fur coats at performances of the Nutcracker.,صنعوا كتاب قصص مصورة يُسمى أمك تقتل الحيوانات ووزعوه على الأمهات اللواتي كنّ يرتدين معاطف الفراء في عروض كسارة البندق.,صنع القصص المصورة مُسَمًّى يقتل الحيوانات رسالة الأمومة الصلصة الفراء السترات العروض
187,"They campaigned to change the word fish to sea kittens so that people would associate seafood with their adorable kitty cats and stop eating them the fish, I mean.","أطلقوا حملة لتغيير كلمة سمك إلى قطط البحر حتى يربط الناس المأكولات البحرية بقططهم اللطيفة ويتوقفوا عن أكلها، أعني السمك.",حملة انتخابية يتغير كلمة سمكة بحر القمامة الناس شركاء المأكولات البحرية أَخَّاذ القطط قف تناول الطعام سمكة متوسط
188,But Jeff Kerr he's the general counsel to PETA he says this monkey selfie case is not one of those stunts.,"لكن جيف كير، المستشار العام لمنظمة بيتا، يقول إن قضية سيلفي القرد ليست من هذه المقالب.",عام محامي يقول قرد صورة سيلفي قضية حركات بهلوانية
189,We first saw the monkey selfie in approximately 2014 when the dispute between Mr. Slater and Wikimedia became international news.,رأينا سيلفي القرد لأول مرة في حوالي عام 2014 عندما أصبح النزاع بين السيد سلاتر وويكيميديا خبراً دولياً.,مخصص قرد صورة سيلفي قسم ويكيميديا عكس أخبار
190,"Our view was immediately that Naruto, who created the photograph, should own the copyright to it.","كان رأينا فوراً أن ناروتو، الذي التقط الصورة، يجب أن يمتلك حقوق نشرها.",منظر جمالي مخلوق مخلوق تصوير له حقوق الطبع والنشر
191,"Jeff saw the dispute as this photographer wants to sue Wikimedia, and Wikimedia is claiming the photo is in the public domain.","رأى جيف النزاع على النحو التالي: هذا المصور يريد مقاضاة ويكيميديا، وويكيميديا تدّعي أن الصورة في الملك العام.",مخصص قسم مصور يريد مقاضاة ويكيميديا ويكيميديا تحميل تصوير الملكية العامة
192,But who's standing up for the monkey?,لكن من يدافع عن القرد؟,واقفاً قرد
193,That's what the law is.,هذا ما يقوله القانون.,قانون
194,"And our argument, very simply, is that that should apply equally to him, even though he simply happens not to have been born human.","وحجتنا، ببساطة شديدة، هي أن ذلك ينبغي أن ينطبق عليه بالمثل، رغم أنه لم يُولَد بشراً.",مطالبة إخلاء شعاع وُلِدّ بشر
195,"But certainly the monkey didn't think like, now this is great.","لكن القرد بالتأكيد لم يفكر، الآن هذا رائع.",قرد لم أكن أعتقد كبير
196,I've got a camera in my hands.,لديّ كاميرا في يدي.,آلة تصوير الأيدي
197,I'm gonna snap a couple frames and update my Bumble profile with whatever I get.,سألتقط بعض الصور وأحدّث ملفي على بامبل بما أحصل عليه.,ذاهب تصوير زوج إطارات تحديث حساب تعريفي يعرف
198,"The monkey's not thinking of it as, I'm taking a photograph here.","القرد لا يفكر في الأمر على أنه، أنا ألتقط صورة هنا.",القرود التفكير أخذ تصوير
199,But that's not required under the copyright law.,لكن هذا غير مطلوب بموجب قانون حقوق النشر.,ملتزم قانون حقوق التأليف والنشر
200,"All that's required is that the copyright law simply provides that the author, the creator of the image, is entitled to own it.","كل ما هو مطلوب هو أن ينص قانون حقوق النشر ببساطة على أن المؤلف، منشئ الصورة، يحق له امتلاكها.",ملتزم قانون حقوق التأليف والنشر مزود مؤلف الخالق صورة مستحق له
201,It doesn't say that the author has to know that he or she is making a photograph.,لا يقول إن المؤلف يجب أن يعلم أنه يلتقط صورة.,لا يقول مؤلف يعرف تحضير تصوير
202,"If somebody gives you their camera and asks you to take a photograph, and you arrange them and you take the photograph, under those circumstances, you technically would own the copyright.","إذا أعطاك أحدهم كاميرته وطلب منك التقاط صورة، ورتّبت وضعهم والتقطت الصورة، في هذه الظروف، ستمتلك تقنياً حقوق النشر.",يعطي آلة تصوير يسأل تصوير تصوير تنظم تصوير تصوير ظروف له حقوق الطبع والنشر
203,There are like 20 French tourists that I need to sue.,هناك نحو 20 سائحاً فرنسياً أحتاج إلى مقاضاتهم.,فرنسي السياح يجب مقاضاة
204,PETA is an American organization.,بيتا منظمة أمريكية.,منظمة
205,And the case was to be heard in federal court in San Francisco.,وكان من المقرر أن تُنظر القضية في محكمة فيدرالية في سان فرانسيسكو.,قضية مسموع المحكمة الفيدرالية سان فرانسيسكو
206,David talked to his lawyers in England.,تحدث ديفيد إلى محاميه في إنجلترا.,تكلم المحامون إنجلترا
207,And they told him he needed to hire an American attorney and fight this.,وأخبروه أنه يحتاج إلى توظيف محامٍ أمريكي والقتال في هذه القضية.,قال ضروري إيجار محامي كفاح
208,"I was advised by talking to these attorneys that I really did need to follow this through, because there would be a chance, an outside chance albeit, of it just going the monkey's way if I didn't challenge it.","نُصحت بعد التحدث إلى هؤلاء المحامين بأنني بحاجة فعلاً إلى متابعة هذا، لأن هناك احتمالاً، وإن كان بعيداً، بأن تسير الأمور لصالح القرد إذا لم أُعارض ذلك.",مُستَحسَن يتصل المحامون يحتاج فعل يحتاج يتبع فرصة فرصة ذاهب القرود طريق لا تحدي
209,The monkey would win?,سيفوز القرد؟,قرد يفوز
210,Yeah.,نعم.,
211,"Well, it was in the court in California.","حسناً، كانت في المحكمة في كاليفورنيا.",محكمة كاليفورنيا
212,And everybody has the opinion that anything can happen there.,والجميع يعتقد أن أي شيء يمكن أن يحدث هناك.,رأي يحدث
213,I don't know how true that is.,لا أعرف مدى صحة ذلك.,لا أعرف. يمين
214,But I was being told I can't take that risk.,لكن قيل لي إنني لا أستطيع المجازفة بذلك.,قال يأخذ مخاطرة
215,But of course.,لكن بالطبع.,بالطبع
216,Have you been to California?,هل زرت كاليفورنيا؟,كاليفورنيا
217,"Well, no.","حسناً، لا.",
218,It's kind of true.,إنه صحيح نوعاً ما.,يمين
219,David hired Andrew Dhuey to represent him.,استأجر ديفيد أندرو دوي لتمثيله.,الأجر يمثل
220,Do you remember when you first heard about the case?,هل تتذكر متى سمعت عن القضية لأول مرة؟,يفعل يتذكر مسموع قضية
221,Was it when did David call you?,هل كان حين اتصل بك ديفيد؟,يتصل
222,Is that how you first heard about it?,هكذا سمعت عنها لأول مرة؟,مسموع
223,"No, I read about it.","لا، قرأت عنها.",يقرأ
224,And I don't remember where I read about it.,ولا أتذكر أين قرأت عنها.,لا تفعل ذلك. يتذكر يقرأ
225,But I got pretty excited when I saw that it was filed in San Francisco federal court because I'm right across the bay in Berkeley.,لكنني شعرت بحماس كبير حين رأيت أنها رُفعت في المحكمة الفيدرالية في سان فرانسيسكو لأنني مقيم على الجانب الآخر من الخليج في بيركلي.,متحمس مخصص تم تقديم الطلب سان فرانسيسكو المحكمة الفيدرالية سبب بيركلي
226,"So I thought, wow, I would be perfect for this case.","فكرت، رائع، سأكون مثالياً لهذه القضية.",ظننت ممتاز قضية
227,Andrew is an intellectual property lawyer.,أندرو محامٍ متخصص في الملكية الفكرية.,الملكية الفكرية محامي
228,Works for himself.,يعمل لحسابه الخاص.,وظائف
229,"And when he read about the case, he reached out to David to ask if he could take it.","وحين قرأ عن القضية، تواصل مع ديفيد ليسأل إن كان يستطيع الأخذ بها.",يقرأ قضية وصل بسأل يأخذ
230,Why did you think you were perfect for the case?,لماذا اعتقدت أنك مثالي لهذه القضية؟,يفكر ممتاز قضية
231,"Well, I think the case kind of lent itself to making monkey puns and things like that.","حسناً، أعتقد أن القضية أتاحت المجال لتوريات على القردة وأمثالها.",التفكير معرفة قضية معرفة تحضير قرد ألعاب الكلمات أشياء
232,And I just thought that would be I kind of like to do that.,"وفكرت فقط أن ذلك كان سيكون، أنا أحب فعل ذلك.",معتقد
233,I like to joke around.,أحب المزاح.,
234,I don't know if you've seen my LinkedIn profile.,لا أعرف إن رأيت ملفي على لينكدإن.,لا أعرف. يرى لينكد إن حساب تعريفي
235,I'm in a Chippendales costume.,أنا بزي تشيبينديلز.,تشيبينديلز زيّ
236,"For his LinkedIn picture, Andrew chose a shot of himself wearing eyeglasses, a bow tie, and nothing else.","لصورة لينكدإن الخاصة به، اختار أندرو صورة له يرتدي فيها نظارة وربطة عنق فراشية ولا شيء آخر.",لينكد إن صورة يختار ركلة الصلصة نظارات قوس رَابِطَة
237,"All these years I've been practicing for like 25 years, and I've never been able to joke around in anything I filed in court.","طوال هذه السنوات كنت أمارس المحاماة نحو 25 سنة، ولم أتمكن قط من المزاح في أي شيء قدمته للمحكمة.",سنين المتدرب سنين قادر تم تقديم الطلب محكمة
238,"So I was like, hey, this would actually be a case where I could do that.","فكنت أقول لنفسي، مرحباً، هذه في الواقع قضية يمكنني فيها فعل ذلك.",قضية
239,"That said, he's a real intellectual property lawyer.","مع ذلك، هو محامٍ حقيقي في الملكية الفكرية.",يقول حقيقي الملكية الفكرية محامي
240,"He's defended the toy company Wham O, won an important case against Panasonic.",دافع عن شركة الألعاب وام-أو وفاز في قضية مهمة ضد باناسونيك.,محمي لعبة شركة فاز مهم قضية
241,"And for Andrew, the case was a one banana problem.","وبالنسبة لأندرو، كانت القضية مشكلة موزة واحدة.",قضية موز مشكلة
242,He answered Naruto's complaint with a motion to dismiss the case.,ردّ على شكوى ناروتو بطلب رفض القضية.,إجابة شكوى حركة يرفض قضية
243,"Monkeys, he said, do not have standing to sue in federal court.","القردة، قال، ليس لها صفة لمقاضاة في المحكمة الفيدرالية.",القرود يقول واقفاً مقاضاة المحكمة الفيدرالية
244,His argument is based on a precedent set in 2004 in a case called Cetacean Community v George W.,حجته مستندة إلى سابقة قُررت عام 2004 في قضية تُسمى مجتمع الحيتانيات ضد جورج دبليو.,مطالبة قائم على سابقة نظام قضية مُسَمًّى مجتمع
245,"Bush, in which all the world's whales, porpoises, and dolphins sued the president.","بوش، حيث قاضت جميع حيتان العالم وخنازير البحر والدلافين الرئيس.",عوالم الحيتان الدلافين الدلافين سو رئيس
246,"All the world's whales, porpoises, and dolphins argued that the military's use of underwater sonar was hurting them, changing their natural behaviors, like eating and mating.",جميع حيتان العالم وخنازير البحر والدلافين ادّعت أن استخدام الجيش للسونار تحت الماء كان يضرها ويغير سلوكها الطبيعي كالأكل والتزاوج.,عوالم الحيتان الدلافين الدلافين حمولة الجيوش يستخدم تحت الماء جارح عامل طبيعي السلوكيات تناول الطعام التزاوج
247,"Basically, sonar is just an incredibly loud sound wave.","في الأساس، السونار مجرد موجة صوتية شديدة الصخب.",بصوت عال موجة صوتية
248,"So cetaceans, that's a scientific word for a category of marine mammal cetaceans flee when they hear sonar, sometimes even beating themselves to get away.","إذن الحيتانيات، وهي كلمة علمية لفئة من الثدييات البحرية، تفر حين تسمع السونار، وأحياناً تضرب نفسها للهروب.",الثدييات البحرية علمي كلمة فئة الثدييات الثدييات البحرية يسمع شاطئ
249,"In that case, the Ninth Circuit Court of Appeals decided that unless Congress explicitly states otherwise, animals do not have standing to sue in federal court.","في تلك القضية، قررت محكمة الاستئناف للدائرة التاسعة أنه ما لم يُصرّح الكونغرس بخلاف ذلك، لا يحق للحيوانات المقاضاة في المحكمة الفيدرالية.",قضية محكمة الاستئنافات مقرر بلدان الحيوانات واقفاً مقاضاة المحكمة الفيدرالية
250,So that's the case Andrew pointed to in his defense.,إذن هذه هي القضية التي أشار إليها أندرو في دفاعه.,قضية نقطة حماية
251,"But PETA hired an outside attorney to represent the monkey Naruto in court, a guy named David Schwarz.","لكن بيتا استأجرت محامياً خارجياً لتمثيل القرد ناروتو في المحكمة، رجل يُدعى ديفيد شوارتز.",تم توظيفه محامي يمثل قرد محكمة رجل اسم
252,"This guy, Schwarz, he comes from a fancy law firm in Los Angeles known for intellectual property law.","هذا الشخص، شوارتز، يأتي من مكتب محاماة فاخر في لوس أنجلوس معروف بقانون الملكية الفكرية.",رجل آت مكتب محاماة لوس أنجلوس معروف الملكية الفكرية قانون
253,Most of his case was an intellectual property argument that Naruto was the legal owner of the copyright because he was the one who made the photo.,معظم قضيته كانت حجة ملكية فكرية مفادها أن ناروتو هو المالك القانوني لحقوق النشر لأنه من التقط الصورة.,قضية الملكية الفكرية مطالبة قانوني حقوق الطبع والنشر الميل تصوير
254,But PETA also saw this case as an opportunity to nudge the law and set a precedent.,لكن بيتا رأت أيضاً في هذه القضية فرصة لدفع القانون وتأسيس سابقة.,يرى قضية فرصة يتحرك قانون نظام سابقة
255,They disagreed with the ruling in the cetacean case.,اختلفوا مع الحكم في قضية الحيتانيات.,غير موافق الحكم قضية
256,They believe animals should have recourse in court.,يؤمنون بأن الحيوانات يجب أن يكون لها حق اللجوء إلى المحاكم.,المؤمنون الحيوانات محكمة
257,"Calling civil matter 15 4324, Naruto v David John Slater, et al.","استدعاء القضية المدنية رقم 15-4324، ناروتو ضد ديفيد جون سلاتر وآخرين.",قدر مدني مادة خطوة
258,"Counsel, please come forward and state your appearance.","المحامون، تفضلوا إلى الأمام وأعلنوا حضوركم.",محامي يأتي ولاية مظهر جيد
259,This is a recording from the hearing in the federal district court in San Francisco.,هذا تسجيل من الجلسة في المحكمة الفيدرالية في سان فرانسيسكو.,ظهراً تسجيل السمع المحكمة الفيدرالية سان فرانسيسكو غير متوقع
260,The judge asked Schwarz if he has an example of an animal ever being granted a copyright.,سأل القاضي شوارتز إن كان لديه مثال على منح حيوان حقوق نشر.,يحكم على بسأل مثال حيوان جائزة حقوق الطبع والنشر
261,"In the vast history of common law prior to the Copyright Act, was there do you have an example of where an animal was granted a copyright?","في التاريخ الواسع للقانون العرفي قبل قانون حقوق النشر، هل لديك مثال على منح حيوان حقوق نشر؟",مغلق تاريخ القانون العام قانون حقوق التأليف والنشر مثال حيوان جائزة حقوق الطبع والنشر
262,I do not have an example where an animal was granted a copyright.,ليس لديّ مثال على منح حيوان حقوق نشر.,مثال حيوان جائزة حقوق الطبع والنشر
263,We could make the counterargument as to how other humans were denied protection under that law due to the color of their skin.,يمكننا تقديم حجة مضادة حول كيف حُرم بشر آخرون من الحماية بموجب ذلك القانون بسبب لون بشرتهم.,يفعل الحجة المضادة آخر الجنس البشري مرفوض حماية قانون كعب لون جلد
264,One could see the contradiction in a statutory interpretation where we see that problem in the antebellum days.,يمكن للمرء رؤية التناقض في التفسير القانوني حيث نرى تلك المشكلة في أيام ما قبل الحرب الأهلية.,يرى تناقض تفسير يرى مشكلة أيام
265,But when you look at the cornerstones of.,لكن حين تنظر إلى أركان.,ينظر الأساسيات
266,"That's quite a stretch, Mr. Schwarz.",هذا مبالغ فيه كثيراً يا سيد شوارتز.,التمدد
267,Just to pause on this for a moment.,فقط للتوقف عند هذا لحظة.,استراحة لحظة إجابة
268,"Yes, Schwarz is comparing a monkey's lack of copyright to chattel slavery, which is offensive and seems weirdly blind to the racist history of comparing black people and monkeys.","نعم، شوارتز يُقارن بين غياب حقوق النشر لدى القرد وعبودية الأمتعة، وهو أمر مسيء ويبدو عمياً بشكل غريب عن التاريخ العنصري لمقارنة السود بالقردة.",مقارنة القرود نقص حقوق الطبع والنشر العبودية المنقولة جارح مرئي انبهار عنصري تاريخ مقارنة السود القرود
269,Even Schwarz seems uncomfortable with it.,حتى شوارتز يبدو غير مرتاح لذلك.,مرئي غير مريح
270,He's saying that denying a monkey the right to own property because of its species is the same as denying humans the right to own property because of the color of their skin.,يقول إن حرمان قرد من حق امتلاك الممتلكات بسبب نوعه مثل حرمان البشر من حق امتلاك الممتلكات بسبب لون بشرتهم.,الحد الأقصى الإنكار قرد امتلاك عقار نفس الإنكار الجنس البشري امتلاك عقار لون جلد
271,"That's quite a stretch, Mr. Schwarz.",هذا مبالغ فيه كثيراً يا سيد شوارتز.,تمدد
272,Pardon me?,عفواً؟,عفو
273,That's quite a stretch.,هذا مبالغ فيه كثيراً.,تمدد
274,But go ahead.,لكن تفضل.,يذهب
275,And I certainly wouldn't make it the centerpiece of any argument here today.,وبالتأكيد لن أجعله محور أي حجة هنا اليوم.,يفعل منسق مطالبة اليوم
276,"But it is fair to say that before the adoption of the 14th Amendment, the concepts of property ownership in the area of patents foreclosed the ability of a slave to claim ownership to a patent.","لكن من العدل القول إنه قبل اعتماد التعديل الرابع عشر، كانت مفاهيم امتلاك الممتلكات في مجال براءات الاختراع تحول دون قدرة العبد على المطالبة بملكية براءة اختراع.",عدل يقول التبني أربعة عشر الرتق المفاهيم ملكية العقارات منطقة براءات الاختراع قدرة عبد مطالبة ملكية براءة اختراع
277,What's going on here is that PETA sees the monkey selfie case in the context of a larger end game.,ما يحدث هنا هو أن بيتا ترى قضية سيلفي القرد في سياق هدف نهائي أكبر.,ذاهب الرائي قرد صورة سيلفي قضية اتصال بيجوت نهاية اللعبة
278,"If they can get a court to agree that denying a monkey the right to own property is the same as denying a human the right to own property, that opens the door for the legal system to completely reconsider the legal status of animals.","إذا استطاعوا إقناع محكمة بالموافقة على أن حرمان قرد من حق امتلاك الممتلكات مثل حرمان إنسان، فهذا يفتح الباب للنظام القانوني لإعادة النظر الكاملة في الوضع القانوني للحيوانات.",محكمة يوافق الإنكار قرد امتلاك عقار له الإنكار بشر امتلاك عقار يفتح باب القضاء إعادة النظر الوضع القانوني الحيوانات
279,An animal would be declared an owner of property instead of just being property.,سيُعلَن عن الحيوان كمالك للممتلكات بدلاً من كونه مجرد ممتلكات.,حيوان سيتم الإعلان عنه لاحقاً أصل أصل
280,This isn't the first time PETA has tried an argument like this in the courts.,هذه ليست المرة الأولى التي تحاول فيها بيتا حجة كهذه في المحاكم.,وقت حاول مطالبة المحاكم
281,"In 2011, they sued SeaWorld on behalf of five orcas at SeaWorld Orlando and SeaWorld San Diego.","في عام 2011، قاضوا سيورلد نيابة عن خمس حيتان قاتلة في سيورلد أورلاندو وسيورلد سان دييغو.",سو باسم دييغو
282,"Orcas are huge, 20 to 30 feet long.","الحيتان القاتلة ضخمة، يتراوح طولها بين 6 و9 أمتار.",مغلق قدم
283,And they weigh about six tons.,وتزن نحو ستة أطنان.,يعتبر أطنان
284,They typically travel around 75 miles in a day.,تقطع عادة نحو 120 كيلومتراً في اليوم.,يسافر مايلز يوم
285,"PETA said that keeping these orcas at SeaWorld in small concrete tanks against their will to perform for human entertainment, that was slavery.",قالت بيتا إن إبقاء هذه الحيتان القاتلة في سيورلد في أحواض خرسانية صغيرة رغماً عنها لأداء عروض للترفيه البشري كان استعباداً.,يقول حفظ صغير أسمنت دبابات يؤدي بشر ترفيه العبودية
286,PETA lost that case.,خسرت بيتا تلك القضية.,ضائع قضية
287,But SeaWorld has agreed to end its captive orca program after the last of their 27 orcas dies.,لكن سيورلد وافقت على إنهاء برنامجها للحيتان القاتلة المستأسرة بعد موت آخر حيتانها السبع والعشرين.,متفق نهاية سجين الحوت القاتل يخطط آخر ميت
288,"To understand why PETA is pursuing cases like these, you have to consider two very different pictures about how the world works.","لفهم سبب متابعة بيتا لقضايا كهذه، عليك النظر في صورتين مختلفتين جداً لكيفية عمل العالم.",يفهم المطارد حالات يعتبر مختلف صور عالم عامل
289,"In one of them, humans are at the top of the food chain-- either because God wanted it that way, or because we figured out how to use our opposable thumbs so well that we could hunt and gather, and till the soil, and build cities, and create copyright laws.","في إحداها، البشر في أعلى سلسلة الغذاء، إما لأن الله أراد ذلك، أو لأننا اكتشفنا كيف نستخدم أبهامنا المعاكس بشكل جيد لدرجة أننا نستطيع الصيد والجمع وحرث الأرض وبناء المدن وخلق قوانين حقوق النشر.",الجنس البشري رأس السلسلة الغذائية مطلوب طريق لقد فهمنا. يستخدم الإبهام مطاردة يجمع أرض يبني المدن يخلق قوانين حقوق النشر
290,We make the rules for everything else in this world.,نحن نضع القواعد لكل شيء آخر في هذا العالم.,يخلق قواعد عالم
291,And the other picture-- and this is the one PETA has hanging on their wall-- humans are not at the top.,"والصورة الأخرى، وهذه هي التي تعلقها بيتا على جدارها، البشر ليسوا في الأعلى.",آخر صورة متكل حائط الجنس البشري رأس
292,Humans are just another mammal walking around on earth.,البشر مجرد ثدييات أخرى تجول على الأرض.,الجنس البشري الثدييات ذاهب أرض
293,"And if we're gonna give ourselves certain rights as humans, we should extend those rights to our fellow animals.","وإذا كنا سنمنح أنفسنا حقوقاً معينة كبشر، فعلينا توسيع تلك الحقوق لتشمل الحيوانات المشاركة لنا.",يعطي تأكيد حقوق الجنس البشري يمتد حقوق زميل الحيوانات
294,You guys are saying humans are not superior to other animals.,أنتم تقولون إن البشر ليسوا متفوقين على الحيوانات الأخرى.,شركة الحد الأقصى الجنس البشري الجزء العلوي حيوانات أخرى
295,We're not.,نحن لسنا كذلك.,
296,We are just another member of the animal kingdom.,نحن مجرد عضو آخر في المملكة الحيوانية.,صديق مملكة الحيوان يعرف
297,And it doesn't it's just prejudice and hubris that prevents us many times from seeing that.,والذي يمنعنا في كثير من الأحيان من رؤية ذلك هو التحيز والغطرسة فقط.,يؤذي مدفوع في كثير من الأحيان يرى
298,"This is Jeff Kerr again, the general counsel to PETA.","هذا جيف كير مجدداً، المستشار العام لمنظمة بيتا.",عام محامي
299,That property status is something that we think is just an abomination.,ذلك الوضع كممتلكات شيء نعتبره مجرد رجاسة.,أصل حالة يفكر رجس
300,"Like Naruto, these animals are feeling, sentient beings.","مثل ناروتو، هذه الحيوانات كائنات حساسة وواعية.",الحيوانات إحساس الكائنات الواعية
301,"They should be entitled to fundamental legal rights beyond simply food, water, veterinary care, and shelter.",يجب أن تتمتع بحقوق قانونية أساسية تتجاوز مجرد الغذاء والماء والرعاية البيطرية والمأوى.,مستحق أساسي الحقوق القانونية طعام ماء الطب البيطري مقبض المتلقي
302,"This idea that animals should have recognized, fundamental legal rights is not unprecedented.",هذه الفكرة القائلة بأن الحيوانات ينبغي أن تتمتع بحقوق قانونية أساسية معترف بها ليست بلا سابقة.,فكرة الحيوانات معترف به أساسي الحقوق القانونية غير مسبوق
303,"Three years ago in Argentina, a judge granted a habeas corpus petition filed on behalf of an orangutan at a zoo in Buenos Aires.","قبل ثلاث سنوات في الأرجنتين، منح قاضٍ التماس مثول أمام المحكمة مُقدَّماً نيابة عن أورانغوتان في حديقة حيوان في بوينس آيرس.",سنين الأرجنتين يحكم على جائزة التماس مُقَدَّم باسم بوينس آيرس
304,"She was being held in a tiny, crappy cage.",كانت محتجزة في قفص صغير رديء.,محتجز صغير الحجم سيء قفص
305,"The judge decided the orangutan had basic rights as a non human person, including the right to freedom.","قرر القاضي أن للأورانغوتان حقوقاً أساسية كشخص غير بشري، بما فيها حق الحرية.",يحكم على مقرر إنسان الغاب الحقوق الأساسية شخص مشتمل حرية
306,"And in New York state, an attorney is fighting to get the courts to recognize that two captive chimps, Tommy and Kiko, are non-human persons deserving of legal rights, just like corporations get.","وفي ولاية نيويورك، يناضل محامٍ لحمل المحاكم على الاعتراف بأن شمبانزيين مستأسرين، تومي وكيكو، شخصان غير بشريين يستحقان حقوقاً قانونية كما تحصل الشركات.",جديد ولاية محامي يكافح المحاكم يتعرف على سجين الناس جدير بالثناء الحقوق القانونية الشركات
307,"The thing is David Slater, the photographer who's getting sued by the monkey, he agrees with PETA on this point.","المسألة هي أن ديفيد سلاتر، المصور الذي يُقاضيه القرد، يتفق مع بيتا في هذه النقطة.",شيء مصور سو قرد يوافق نقطة
308,"In fact, he used to defend PETA to his friends when they grumbled about the stunts.","في الواقع، كان يدافع عن بيتا لأصدقائه حين كانوا يتذمرون من المقالب.",حقيقة مستخدم يحمي أصدقاء تذمر حركات بهلوانية
309,David even worked with them once on a campaign to protect wild hogs near his home in England.,بل عمل ديفيد معهم مرة في حملة لحماية خنازير برية بالقرب من منزله في إنجلترا.,عبد رحلة يحمي بري الخنازير منزل إنجلترا
310,That's one of the greatest shames on them is that they've attacked somebody who is trying to achieve the same goal as they are.,إن من أعظم ما يشينهم هو أنهم هاجموا شخصاً يسعى لتحقيق نفس هدفهم.,الأكبر عار صالح محاولة يحقق له هدف
311,Saving animals from suffering is a very noble cause.,إنقاذ الحيوانات من المعاناة قضية نبيلة للغاية.,توفير الحيوانات معاناة النبيل سبب
312,But I think sometimes they get carried away with their power.,لكنني أعتقد أحياناً أنهم ينجرفون بقوتهم.,يفكر محمول قوة
313,"Did the fact that this group that's sort of on your side was the one kind of attacking you or opposing you, did that make you stop ever and think, well, now, wait a minute?","هل جعلك كون هذه المجموعة التي هي في صفك هي من يهاجمك أو يعارضك تتوقف وتفكر، حسناً الآن، انتظر لحظة؟",حقيقة مجموعة يكتب حزب صحة الخصوم يفعل قف يفكر انتظر دقيقة
314,Do they have a point?,هل لديهم نقطة؟,نقطة
315,No.,لا.,
316,I've had to think very carefully about what my philosophy is.,اضطررت للتفكير بعناية شديدة في ما هي فلسفتي.,يفكر فلسفة سبب
317,"Because the book, my Wildlife Personalities book, that's part of the court case, I argue for animals having more fundamental rights, like dignity, and access to their ancestral forests, and access to food.","لأن الكتاب، كتابي شخصيات الحياة البرية، الذي يُعدّ جزءاً من القضية، أُجادل فيه بأن الحيوانات تستحق حقوقاً أساسية أكثر كالكرامة والوصول إلى غاباتها الأصلية والوصول إلى الطعام.",الحياة البرية الشخصيات جزء جزء محكمة قضية حمولة الحيوانات رخام الحقوق الأساسية احترام وصول عتيق الغابات وصول طعام
318,So I am an animal rights advocate.,إذن أنا مناصر لحقوق الحيوانات.,حقوق الحيوان محامي
319,Naruto and PETA lost that first round in court.,خسر ناروتو وبيتا الجولة الأولى في المحكمة.,ضائع دائري محكمة
320,Andrew Dhuey called David to tell him the news.,اتصل أندرو دوي بديفيد ليخبره بالأخبار.,مُسَمًّى يخبر أخبار
321,We just took it very casually.,تعاملنا مع الأمر ببساطة.,درس
322,"We just said, yeah, of course.","قلنا فقط، نعم، بالطبع.",يقول بالطبع
323,Of course that's gonna get thrown out.,بالطبع ستُرفض.,بالطبع رمي
324,Andrew Dhuey said this all along to me.,أندرو دوي قال لي هذا طوال الوقت.,يقول
325,There's no way that this is gonna go anywhere.,لا مجال لأن تؤدي هذه القضية إلى أي مكان.,طريق يذهب
326,And then the monkey appealed.,ثم قدّم القرد استئنافاً.,قرد جاذبية
327,"Good morning, Your Honors.",صباح الخير أيها السادة القضاة.,صباح الخير التميز
328,"And may it please the court, David Schwarz on behalf of the appellant.","وبرضا المحكمة، ديفيد شوارتز نيابة عن المستأنف.",محكمة باسم المستأنف
329,The case went before three judges on the Ninth Circuit Court of Appeals.,نُظرت القضية أمام ثلاثة قضاة في محكمة الاستئناف للدائرة التاسعة.,قضية القضاة محكمة محكمة الاستئناف قضية
330,That's the court that ruled against Trump's travel ban twice this year.,هذه المحكمة التي حكمت ضد حظر السفر لترامب مرتين هذا العام.,لافتة الفائزون يسافر منع سنة
331,These judges are not messing around.,هؤلاء القضاة لا يمزحون.,القضاة فوضى
332,Schwarz made it 30 seconds into his oral argument before one of the judges interrupted him.,وصل شوارتز إلى 30 ثانية من مرافعته الشفهية قبل أن يقاطعه أحد القضاة.,صنع ثوانٍ شفوي مطالبة القضاة مضطرب احترام
333,"Mr. Schwarz, before we get there, there's a preliminary question which I'd like you to address.","يا سيد شوارتز، قبل الوصول إلى هناك، هناك سؤال أولي أودّ منك تناوله.",تمهيدي سؤال عنوان
334,"At this stage, the attorneys and the judges are gonna debate case law.","في هذه المرحلة، سيتناقش المحامون والقضاة بشأن السوابق القضائية.",منصة المحامون القضاة مناقشة قضية قانون
335,"And the judges have a lot of questions for Schwarz the first being, how are you qualified to be Naruto's next friend?","والقضاة لديهم كثير من الأسئلة لشوارتز، أولها: ما هو تأهيلك لتكون الصديق المقرب لناروتو؟",القضاة حبكة أسئلة معتمد التالي صديق
336,You don't know the monkey.,أنت لا تعرف القرد.,لا أعرف. قرد حمولة
337,"And then a few minutes later, Judge Randy Smith interrupts Schwarz to grill him about injury.","ثم بعد دقائق قليلة، يقاطع القاضي راندي سميث شوارتز ليستجوبه عن الأذى.",قسم بضع دقائق يحكم على الاضطرابات يستكشف إصابة
338,That's the legal term for harm or damage.,هذا هو المصطلح القانوني للضرر أو الأذى.,قانوني شرط إصابة ضرر
339,"Well, what's your injury?","حسناً، ما هو ضررك؟",إصابة
340,There's no way to acquire or hold some money which the copyright would give.,لا توجد طريقة لاكتساب أو الاحتفاظ بمال تمنحه حقوق النشر.,طريق شراء يمسك مال حقوق الطبع والنشر يعطي
341,There's no losses to reputation.,لا يوجد ضرر للسمعة.,خسائر سمعة
342,There's no even allegation that the copyright could have benefited somehow Naruto.,لا يوجد حتى ادعاء بأن حقوق النشر كانت ستعود بالنفع على ناروتو بأي شكل.,اتهام حقوق الطبع والنشر استمتعت
343,What financial benefits apply to him?,ما المنافع المالية التي تنطبق عليه؟,مالي فوائد إخلاء
344,There's nothing.,لا شيء.,
345,"But, Your Honor, the redressability issue doesn't necessarily turn on the compensation.","لكن سيادة القاضي، مسألة قابلية الانتصاف لا تتوقف بالضرورة على التعويض.",احترام اهتمام دور تعويض
346,It could be.,يمكن أن يكون.,
347,"Well, I wanna know what then is the injury.","حسناً، أريد معرفة ما هو الضرر إذن.",يريد يعرف إصابة
348,There's no case that says copyright infringement itself is injury.,لا توجد قضية تقول إن انتهاك حقوق النشر في حد ذاته يُعدّ ضرراً.,قضية يقول انتهاك حقوق النشر إصابة
349,So what injury do we have?,إذن ما الضرر الذي لدينا؟,إصابة
350,"Whatever the legal merits of this case are, there's just something really enjoyable about hearing lawyers throw around terms like redressability and compensation and injury when they're talking about a monkey.","مهما كانت مزايا هذه القضية القانونية، هناك شيء ممتع حقاً في سماع المحامين يتداولون مصطلحات كقابلية الانتصاف والتعويض والضرر وهم يتحدثون عن قرد.",قانوني المزايا قضية ممتع السمع المحامون يرمي شروط قابلية الإصلاح تعويض إصابة يتصل قرد
351,"I mean, if you give me a case that says copyright infringement itself is injury, I'll believe you.","أعني، إذا أعطيتني قضية تقول إن انتهاك حقوق النشر في حد ذاته يُعدّ ضرراً، سأصدقك.",متوسط يعطي قضية يقول انتهاك حقوق النشر إصابة يعتقد
352,But I don't think you've given me one.,لكنني لا أعتقد أنك أعطيتني واحدة.,لا تفكر. منح
353,What's your injury?,ما هو ضررك؟,إصابة
354,"The judges and Schwarz volley over case law and legal precedent and the definition of author for 20 minutes before handing the floor to David's lawyer, Andrew Dhuey.",تبادل القضاة وشوارتز الحجج حول السوابق القضائية والمصطلح القانوني وتعريف المؤلف لعشرين دقيقة قبل إعطاء الكلمة لمحامي ديفيد أندرو دوي.,القضاة قضية قانون قانوني سابقة تعريف مؤلف بروتوكول توصيل منصة محامي
355,"And after two years of research and legal filings and oral arguments, Dhuey finally gets his wish to make a monkey joke in court.","وبعد سنتين من البحث والإيداعات القانونية والمرافعات الشفهية، يتحقق أخيراً لدوي أمنيته في إلقاء نكتة عن القردة في المحكمة.",سنين بحث قانوني برادة شفوي الحجج طلب يفعل محكمة
356,"Monkey see, monkey sue will not do in federal court.","قرد يرى، قرد يقاضي، لن ينجح ذلك في المحكمة الفيدرالية.",قرد يرى قرد مقاضاة المحكمة الفيدرالية
357,"After that, his oral arguments can pretty much be summed up as, you should throw this case out.","بعد ذلك، يمكن تلخيص مرافعاته الشفهية في: يجب عليكم رفض هذه القضية.",شفوي الحجج كثير ملخص يرمي قضية
358,And can you please make PETA pay my legal fees?,وهل يمكنكم إلزام بيتا بدفع أتعابي القانونية؟,يفعل يدفع قانوني مصاريف مناقشة
359,"Once Dhuey is done, Angela Dunning gets up.","بمجرد انتهاء دوي، تقف أنجيلا دنينج.",منتهي أعطِ
360,She's the codefendant's attorney.,إنها محامية المدعى عليه المشارك.,المتهم محامي
361,PETA also sued the self publishing book company that David had used.,قاضت بيتا أيضاً شركة النشر الذاتي التي استخدمها ديفيد.,سو النشر الذاتي شركة مستخدم
362,"So Angela Dunning gets up to deliver her defense, which is also pretty straightforward.",لذا تقف أنجيلا دنينج لتقديم دفاعها وهو أيضاً بسيط جداً.,يعطي حماية
363,Naruto can't benefit financially from his work.,لا يمكن لناروتو الاستفادة مالياً من عمله.,يتمتع عمل
364,He's a monkey.,إنه قرد.,قرد
365,David Slater wasn't in court in San Francisco that day.,لم يكن ديفيد سلاتر في المحكمة في سان فرانسيسكو ذلك اليوم.,محكمة سان فرانسيسكو يوم
366,He didn't wanna spend the money to travel all the way to California from Wales.,لم يرد إنفاق المال للسفر من ويلز إلى كاليفورنيا.,يريد ينفق مال يسافر طريق كاليفورنيا ويلز
367,But he watched the whole hearing online.,لكنه شاهد الجلسة كاملة عبر الإنترنت.,منظر الجميع السمع
368,When I watched itand you see three judges there.,حين شاهدتها وترى ثلاثة قضاة هناك.,منظر يرى القضاة
369,"And then one attorney comes up, and then my attorney comes up, Andrew and then Angela, and they started talking about monkeys.","ثم يأتي محامٍ واحد، ثم محاميّ أندرو ثم أنجيلا، وبدأوا يتحدثون عن القردة.",محامي آت محامي آت بدأ يتحدث القرود
370,It made it real all of a sudden.,جعل الأمر حقيقياً فجأة.,عكس حقيقي فجأة
371,"That, yes, he was being sued by a monkey.","أنه نعم، كان يُقاضَى من قِبَل قرد.",المدعى عليه قرد
372,Naruto didn't make it to the hearing either.,لم يحضر ناروتو الجلسة أيضاً.,يفعل السمع
373,He stayed in the rainforest in Indonesia.,بقي في الغابة المطيرة في إندونيسيا.,متبقي الغابات المطيرة أندونيسيا
374,"And to my knowledge, nobody asked him what he thought of all this.","وفي حدود علمي، لم يسأله أحد عن رأيه في كل هذا.",أخبار بسأل محاسب
375,"After two years, the humans managed to figure things out on their own.","بعد سنتين، تمكن البشر من حل الأمور بمفردهم.",سنين الجنس البشري إدارة شخصية أشياء أنفسهم
376,They told the appellate court they didn't want it to rule in the case after all.,أخبروا محكمة الاستئناف أنهم لا يريدون في نهاية المطاف أن تُصدر حكماً في القضية.,قالوا محكمة الاستئناف لم أرغب قاعدة قضية
377,"And in September, David and PETA announced they'd reached a settlement.","وفي سبتمبر، أعلن ديفيد وبيتا التوصل إلى تسوية.",سبتمبر تم الإعلان وصل ترتيب
378,The details of the settlement are confidential.,تفاصيل التسوية سرية.,تفاصيل ترتيب سر
379,So I can't tell you much about it.,لذا لا أستطيع إخبارك بالكثير عنها.,يخبر كثير هنا
380,But here's what I do know.,لكن هذا ما أعرفه.,معرفة
381,David Slater still has the monkey selfie copyright registered in his name in two countries.,لا يزال ديفيد سلاتر يمتلك حق نشر سيلفي القرد مسجلاً باسمه في بلدين.,قرد صورة سيلفي حقوق الطبع والنشر مسجل اسم بلدان
382,And he agreed to donate 25 percent of the proceeds of the photos to protect the crested macaques.,ووافق على التبرع بـ25 بالمئة من عائدات الصور لحماية مكاك العرف.,متفق يساهم شهادة ربح صور يحمي قرود المكاك
383,"About Wikipedia, they've still got the monkey selfie up there for anyone to download.","أما ويكيبيديا، فلا تزال لديها سيلفي القرد متاحة للتنزيل للجميع.",ويكيبيديا قرد صورة سيلفي تحميل
384,They still claim it's in the public domain.,لا تزال تدّعي أنها في الملك العام.,مطالبة الملكية العامة
385,"David will have to sue them to get it taken down, which he says he plans to do.","سيضطر ديفيد لمقاضاتهم لإزالتها، وهو يقول إنه يخطط للقيام بذلك.",مقاضاة مأخوذ يقول البرامج
386,There's just one other thing that should be mentioned about Naruto.,هناك شيء آخر واحد فقط ينبغي ذكره عن ناروتو.,آخر شيء مذكور
387,There were a bunch of monkeys around when the selfies were being taken that day.,كان هناك مجموعة من القردة في المنطقة حين كانت صور السيلفي تُلتقط ذلك اليوم.,مجموعة القرود صورة سيلفي تم التقاط الصورة يوم
388,And PETA consulted with the primatologist who works with those crested black macaques.,وتشاورت بيتا مع عالم الرئيسيات الذي يعمل مع تلك المكاك السوداء المُعرَّفة.,تمت استشارته عالم الرئيسيات عمل أسود قرود المكاك
389,She's the one who identified Naruto as the monkey in the famous selfie.,إنها من حدّدت ناروتو كالقرد في السيلفي الشهيرة.,معترف به قرد مشهور صورة سيلفي
390,But David says that's not right.,لكن ديفيد يقول إن ذلك ليس صحيحاً.,يقول
391,Naruto is a male.,ناروتو ذكر.,ذكر ذكر
392,I distinctly remember it being a female.,أتذكر بوضوح أنها كانت أنثى.,يتذكر أنثى
393,I distinctly remember that pink rump which the female macaques have.,أتذكر بوضوح تلك الأردية الوردية التي تملكها إناث المكاك.,يتذكر لون القرنفل مؤخرة أنثى قرود المكاك
394,Basically what you're saying is is that Naruto is making a fraudulent claim himself.,ما تقوله في الأساس هو أن ناروتو يقدم ادعاءً احتيالياً بنفسه.,الحد الأقصى تحضير كذب مطالبة
395,Yes.,نعم.,
396,It's the wrong monkey in court.,إنه القرد الخطأ في المحكمة.,خطأ قرد محكمة
397,He's taking credit for an artistic work that was actually made by a female monkey.,إنه يأخذ الفضل على عمل فني صنعته في الواقع أنثى قرد.,أخذ فني عمل صنع أنثى قرد
398,Yeah.,نعم.,
399,And I think the feminists amongst us should start to protest.,وأعتقد أن النسويين بيننا يجب أن يبدأوا في الاحتجاج.,يفكر النسويات يبدأ يعترض
400,I'm sure she's not the first lady monkey to have this kind of experience.,أنا متأكد أنها ليست أول قردة أنثى تمر بهذا النوع من التجربة.,تأمين سيدتي قرد خبرة
401,It's in the nature of both humans and monkeys to horse around in front of cameras.,من طبيعة البشر والقردة على حد سواء التصرف بعبث أمام الكاميرات.,طبيعة الجنس البشري القرود تحامق عكس الكاميرات
402,"But it's a uniquely human characteristic to spend hundreds of thousands of dollars, years of our lives, to go to court over it.",لكن من السمات الإنسانية الفريدة إنفاق مئات الآلاف من الدولارات وسنوات من حياتنا للتقاضي بسببها.,بشر كعكة المافن يضيع المئات الآلاف دولارات سنين حياة يذهب محكمة
