sentence_id,real_sentence_en,real_sentence_he,pseudo_sentence_he_from_all_eyal_words
1,"Act One, Monkey in the Middle.","מערכה ראשונה, קוף באמצע.",מערכה קוף אמצע
2,"So there's some places where animals almost never go, places that are designed by humans for humans.","אז יש כמה מקומות שבעלי חיים כמעט ולא הולכים אליהם, מקומות שעוצבו על ידי בני אדם לבני אדם.",מקומות בעלי חיים ללכת מקומות מעוצב בני אדם בני אדם
3,"This act ends up in a place like that, but it starts about as far from there as you can get.","המעשה הזה מסתיים במקום כזה, אבל הוא מתחיל בערך הכי רחוק משם שאפשר להגיע.",מערכה מסתיים מקום מתחיל
4,Dana Chivvis explains.,דנה צ'יביס מסבירה.,מסביר
5,Our story begins deep in the rainforests of Indonesia on an island called Sulawesi.,הסיפור שלנו מתחיל עמוק ביערות הגשם של אינדונזיה על אי בשם Sulawesi.,כתבה מתחיל עמוק יערות גשם אי נקרא
6,"A few years ago, the photographer David Slater traveled there from his home in England to photograph a troop of monkeys.",לפני כמה שנים נסע לשם הצלם דיוויד סלייטר מביתו באנגליה כדי לצלם להקת קופים.,כמה שנים צלם טייל בית אנגליה תצלום להקת קופים
7,"I'd gone a whole day just following them into the thick of the forest, through the tangles and the vines and the muddy undergrowth and the cobwebs and the poisonous snakes.","הלכתי יום שלם רק בעקבותיהם לתוך עובי היער, דרך הסבך והגפנים והסבך הבוצי וקורי העכביש והנחשים הרעילים.",נעלם כל יום הבא עבה יער גפנים בוצי סבך קורי עכביש רעיל נחשים
8,"Oh, man.","הו, בנאדם.",אדם
9,"You name it, I had to go through it.","אתה שם את זה, הייתי צריך לעבור את זה.",שם ללכת
10,And it was just so amazing just to be like a monkey.,וזה היה פשוט כל כך מדהים להיות כמו קוף.,מדהים קוף
11,I was a monkey honestly.,הייתי קוף בכנות.,קוף
12,"I had met monkeys before, like I said, all over the world.","פגשתי קופים בעבר, כמו שאמרתי, בכל העולם.",נפגש קופים אמר ממוצע עולם
13,"And I know a little bit about monkey etiquette and showing your teeth not to show your teeth, not to stare them in the face.","ואני יודע קצת על כללי התנהגות של קופים ועל להראות את השיניים שלך כדי לא להראות את השיניים שלך, לא לבהות אותן בפנים.",לדעת לדעת קצת קצת קוף קוף כללי התנהגות הצגה שיניים להציג שיניים לנעוץ מבט פנים
14,"Yeah, this is one of the secrets, actually, of being able to get good photography is making the animal relaxed.","כן, זה בעצם אחד הסודות של היכולת לצלם טוב הוא עושה את החיה רגועה.",סודות מסוגל טוב צילום הכנה חיה רגוע
15,There was one shot David really wanted to get a full face portrait with a wide angle lens.,היה צילום אחד שדיוויד באמת רצה לקבל דיוקן פנים מלא עם עדשה רחבה.,בעיטה רצה מלא פנים דיוקן עדשה
16,"But every time he got close to taking the shot, the monkeys would look away.","אבל בכל פעם שהיה קרוב לזריקה, הקופים היו מסיטים את מבטם.",זמן לקיחה בעיטה קופים מבט
17,"So after two days of these near misses, he changed strategies.","אז אחרי יומיים של החמצות כמעט, הוא שינה אסטרטגיות.",ימים החמצות השתנה אסטרטגיות
18,He put his camera on a tripod and threw down some cookies to try to entice the monkeys over.,הוא שם את המצלמה שלו על חצובה וזרק כמה עוגיות כדי לנסות לפתות את הקופים.,לשים מצלמה חצובה זרק עוגיות לנסות לפתות קופים
19,He was hoping they'd get curious about the camera and start pushing the button themselves.,הוא קיווה שהם יסתקרנו לגבי המצלמה ויתחילו ללחוץ על הכפתור בעצמם.,מקווה סקרן מצלמה התחלה דוחף
20,They were curious.,הם היו סקרנים.,סקרן
21,They were not pushing the button.,הם לא לחצו על הכפתור.,דוחף
22,So David attached a cable with a button on the end of it to the camera.,אז דוד חיבר כבל עם כפתור בקצה שלו למצלמה.,מצורף כבל סוף מצלמה
23,The monkeys liked that.,הקופים אהבו את זה.,קופים אהבתי
24,"They started playing with it, putting it in their mouths, fighting over it.","הם התחילו לשחק עם זה, הכניסו אותו לפה שלהם, נלחמו על זה.",התחיל משחק לשים פיות לחימה
25,"And of course when it got pressed, they automatically looked into the lens.","וכמובן שכאשר זה נלחץ, הם הסתכלו אוטומטית לתוך העדשה.",כמובן לחוץ הסתכל עדשה
26,"And the fact that it's going ch, ch, ch, ch, ch, it's monkey language.","והעובדה שזה הולך ch, ch, ch, ch, ch, זה שפת קופים.",עובדה הולך קוף שפה
27,They fired off a few shots.,הם ירו כמה יריות.,מפוטר מעטים יריות
28,David reviewed them.,דוד סקר אותם.,נבדק
29,"They weren't bad, a little out of focus.","הם לא היו רעים, קצת לא בפוקוס.",רע קצת מוקד
30,So he adjusted the settings and put the camera back.,אז הוא התאים את ההגדרות והחזיר את המצלמה.,מותאם הגדרות לשים מצלמה
31,The monkeys were into the whole project by now.,הקופים כבר היו מעורבים בכל הפרויקט.,קופים כל פרויקט
32,"In fact, they were getting a little too excited.","למעשה, הם התרגשו קצת מדי.",עובדה קצת נרגש
33,They almost knocked the tripod over.,הם כמעט הפילו את החצובה.,דפק חצובה
34,So David laid down on his stomach and stretched his arm out to steady the tripod with two fingers.,אז דוד נשכב על בטנו ומתח את זרועו כדי לייצב את החצובה בשתי אצבעות.,מונח בטן מתוח זרוע יציב חצובה אצבעות
35,A few other monkeys noticed their strange new friend lying full out on the floor and hopped onto his back.,כמה קופים אחרים הבחינו בחבר החדש והמוזר שלהם שוכב מלא על הרצפה וקפצו על גבו.,מעטים אחר קופים שם לב מוזר חדש חבר שקר מלא קומה קפץ
36,"So I had monkeys on my back whilst I'm trying to keep my camera from being knocked, while some monkeys, or two or three monkeys, are trying to play with the button.","אז היו לי קופים על הגב בזמן שאני מנסה למנוע מהמצלמה שלי להידפק, בעוד כמה קופים, או שניים או שלושה קופים, מנסים לשחק עם הכפתור.",קופים מנסה לשמור מצלמה דפק קופים מנסה קופים מנסה לשחק
37,"And all of a sudden, I heard the camera going off.",ופתאום שמעתי את המצלמה נכבית.,פתאומי נשמע מצלמה הולך
38,And I didn't dare.,ולא העזתי.,לא להעז
39,"I knew that if I looked up at them, they would probably look away.","ידעתי שאם אסתכל עליהם, הם כנראה יפנו את מבטם.",ידע הסתכל מבט
40,"So I let them click it, click it, click it.","אז נתתי להם ללחוץ עליו, ללחוץ עליו, ללחוץ עליו.",לאפשר
41,"And I sort of very carefully looked up to see them pulling these amazing contorted faces, like howling mouths, and the smiling mouth, and more besides.","ובזהירות רבה הסתכלתי למעלה וראיתי אותם מושכים את הפרצופים המעוותים המדהימים האלה, כמו פיות מייללים, והפה המחייך, ועוד חוץ מזה.",סוג הסתכל לראות משיכה מדהים מעוות פרצופים יללות פיות מחייך פה
42,"The monkeys were taking selfies amazing, beautiful, weird selfies.","הקופים צילמו סלפי מדהימים, יפים ומוזרים.",קופים לקיחה סלפי מדהים יפה משונה סלפי
43,I just wanted it to go on forever really.,רק רציתי שזה יימשך לנצח באמת.,רצה ללכת
44,"When David finally stood up and checked their work, he saw that the shots weren't just regular, old, everyday selfies.","כשדיוויד סוף סוף קם ובדק את עבודתם, הוא ראה שהצילומים לא היו רק תמונות סלפי רגילות, ישנות ויומיומיות.",עמד בדוק עבודה מסור יריות קבוע ישן כל יום סלפי
45,They weren't that guy at the gym taking pictures of his muscles in the mirror.,הם לא היו הבחור הזה בחדר הכושר שצילם את השרירים שלו במראה.,בחור חדר כושר לקיחה תמונות שרירים מראה
46,"These were next level, transcendentally good.","אלה היו ברמה הבאה, טובים בצורה טרנסצנדנטית.",הבא רמה טוב
47,They somehow escape the bounds of selfie and enter the realm of art.,הם איכשהו בורחים מגבולות הסלפי ונכנסים לתחום האמנות.,לברוח גבולות סלפי להכניס תחום אמנות
48,There was one shot in particular that caught David's eye.,הייתה ירייה אחת במיוחד שצדה את עינו של דוד.,בעיטה מסוים נתפס עין
49,The monkey's face is very close to the camera looking straight into the lens.,פניו של הקוף קרובים מאוד למצלמה ומביטות היישר לתוך העדשה.,קופים פנים מצלמה מחפש עדשה
50,It's hair perfectly coiffed.,זה שיער מכוסה בצורה מושלמת.,שער
51,"Eyes friendly, big and round and amber.","עיניים ידידותיות, גדולות ועגולות וענבריות.",עיניים ידידותי גדול עגול ענבר
52,"All of which are nice details, and details are important.","כולם פרטים נחמדים, ופרטים חשובים.",נחמד פרטים פרטים חשוב
53,"But the focus of this selfie, the main event, is the monkey's self-satisfied grin teeth that are too big for its mouth with gaps between them, a real grin, like he knows he's smiling for a picture.","אבל הפוקוס של הסלפי הזה, האירוע המרכזי, הוא שיני החיוך המרוצות מעצמו של הקוף שגדולות מדי לפה עם רווחים ביניהן, חיוך אמיתי, כאילו הוא יודע שהוא מחייך לתמונה.",מוקד סלפי ראשי מקרה קופים מרוצה מעצמי לגחך שיניים גדול פה פערים אמיתי לגחך יודע מחייך תמונה
54,I just saw it on the front cover of National Geographic or something like that.,בדיוק ראיתי את זה בשער הקדמי של נשיונל ג'יאוגרפיק או משהו כזה.,ראיתי קדמית כריכה
55,"And I just thought, I need to get this to my agents.","ופשוט חשבתי, אני צריך להעביר את זה לסוכנים שלי.",מחשבה צורך סוכנים
56,David and his agents put out a press release about the selfies.,דיוויד וסוכניו הוציאו הודעה לעיתונות על הסלפי.,סוכנים לשים הודעה לעיתונות סלפי
57,They thought they could grab people's attention with the photos and then use the opportunity to send a message about conservation.,הם חשבו שהם יכולים למשוך את תשומת הלב של אנשים עם התמונות ואז לנצל את ההזדמנות כדי לשלוח הודעה על שימור.,מחשבה לתפוס עמים תשומת לב תמונות להשתמש הזדמנות לשלוח הודעה שימור
58,"And also they wanted to sell the pictures, of course.","וגם הם רצו למכור את התמונות, כמובן.",רצה למכור תמונות כמובן
59,"These monkeys, crested black macaques, are considered to be critically endangered, which is just one step before extinct in the wild.","הקופים האלה, מקוק שחור מצויץ, נחשבים בסכנת הכחדה חמורה, וזה רק צעד אחד לפני הכחדה בטבע.",קופים שחור מקוקים נחשב בסכנת הכחדה שלב נכחד פראי
60,"They've lost 80% of their population in the last 40 years because of humans, which is why David went to Indonesia in the first place.","הם איבדו 80% מהאוכלוסייה שלהם ב-40 השנים האחרונות בגלל בני אדם, וזו הסיבה שדיוויד נסע לאינדונזיה מלכתחילה.",איבד אחוז אוכלוסיה שנים אחרונות בני אדם הלכו אינדונזיה מקום
61,"He wanted to take photographs that would inspire us humans into caring more about these little monkeys, to stop killing them.","הוא רצה לצלם תמונות שיעוררו אותנו בני האדם לדאוג יותר לקופים הקטנים האלה, להפסיק להרוג אותם.",רצה ליטול תצלומים לעורר בני אדם אכפתיות קצת קופים להפסיק הרג
62,"The selfies didn't end up on the cover of National Geographic, but the British tabloids were interested.","צילומי הסלפי לא הגיעו לשער של נשיונל ג'יאוגרפיק, אבל הצהובונים הבריטיים התעניינו.",סלפי לא סוף לכסות בריטי צהובונים מעוניין
63,The Daily Mail was the first newspaper to publish the story about the selfies.,"ה""דיילי מייל"" היה העיתון הראשון שפרסם את הסיפור על הסלפי.",דואר עתון לפרסם כתבה סלפי
64,This was in 2011.,זה היה ב-2011.,
65,"Within an hour, it was all over your country, Australia, Germany.","תוך שעה זה היה בכל הארץ שלך, אוסטרליה, גרמניה.",שעה מדינה אוסטרליה גרמניה
66,I was getting emails everywhere.,קיבלתי מיילים בכל מקום.,אימיילים
67,My inbox went crazy.,תיבת הדואר הנכנס שלי השתגעה.,תיבת הדואר הנכנס מטורף
68,"People wanting to know the story, wanted to use the image.","אנשים שרצו לדעת את הסיפור, רצו להשתמש בתמונה.",אנשים רוצים לדעת סיפור רוצה להשתמש תמונה
69,"Literally, my phone was hot with calls.","פשוטו כמשמעו, הטלפון שלי היה לוהט משיחות.",טלפון חם שיחות
70,"Over the next few months, the monkey selfies sold pretty well.","במהלך החודשים הבאים, תמונות הסלפי של הקופים נמכרו די טוב.",החודשים הבאים סלפי נמכר
71,David was licensing them to publications and selling prints.,דוד נתן להם רישיון לפרסומים ולמכור הדפסים.,רישוי פרסומים מכירה הדפסים
72,"And then one day, he goes online to research the monkeys.","ואז יום אחד, הוא נכנס לאינטרנט כדי לחקור את הקופים.",יום הולך מחקר קופים
73,I started to just search crested black macaque one day in the Google.,התחלתי פשוט לחפש מקוק שחור מצויץ יום אחד בגוגל.,התחיל לחפש שחור מקוק יום
74,"And there was Wikipedia, top of the list as always.","והייתה ויקיפדיה, בראש הרשימה כמו תמיד.",ויקיפדיה ראש רשימה
75,"I clicked on that, and there's my image.","לחצתי על זה, והנה התמונה שלי.",לחצו תמונה
76,"And I thought, where have they got this from?","וחשבתי, מאיפה הם הביאו את זה?",מחשבה
77,Have they been to Caters News Agency and paid a license fee for it?,האם הם היו בסוכנות הידיעות קייטרס ושילמו על כך דמי רישוי?,קייטרינג סוכנות חדשות שולם רשיון תשלום
78,They had not.,הם לא עשו זאת.,
79,So I sent them a letter.,אז שלחתי להם מכתב.,נשלח מכתב
80,"Sent them a letter saying, I think you're using this without a license fee.","שלח להם מכתב שאומר, אני חושב שאתה משתמש בזה ללא דמי רישיון.",נשלח מכתב פתגם לחשוב באמצעות רשיון תשלום
81,"Could you show me one, or would you pay?","תוכל להראות לי אחד, או שתשלם?",להציג לשלם
82,"They wrote back, saying, this image we believe is public domain.","הם כתבו בחזרה ואמרו, התמונה הזו שאנו מאמינים שהיא נחלת הכלל.",כתב פתגם תמונה להאמין נחלת הכלל
83,"In other words, anyone could use it without David's permission, for free.","במילים אחרות, כל אחד יכול להשתמש בו ללא רשותו של דיוויד, בחינם.",מילים אחרות להשתמש רשות לשחרר
84,"To David, that was just stealing.",בעיני דיוויד זו הייתה רק גניבה.,גניבה
85,He makes a living from selling his pictures.,הוא מתפרנס ממכירת תמונותיו.,עושה חי מכירה תמונות
86,So it was really helpful to have one that was such a hit.,אז זה היה ממש מועיל לקבל אחד שהיה כל כך להיט.,מועיל כזה להיט
87,"But now, anyone could download it from Wikipedia and hang it on their wall or print it in their publication.","אבל עכשיו, כל אחד יכול להוריד אותו מויקיפדיה ולתלות אותו על הקיר שלו או להדפיס אותו בפרסום שלו.",הורדה ויקיפדיה לתלות קיר הדפס פרסום
88,Wikipedia's opinion is that information on the internet should be free.,דעתה של ויקיפדיה היא שמידע באינטרנט צריך להיות חופשי.,ויקיפדיה דעה מידע אינטרנט חינם
89,And David soon learned that they had decided the selfie was in the public domain.,ודיוויד למד במהרה שהם החליטו שהסלפי הוא נחלת הכלל.,מלומד החליט סלפי נחלת הכלל
90,Because the monkey pressed the button.,כי הקוף לחץ על הכפתור.,קוף לחוץ לחצן
91,So the monkey was technically the creator of the photo.,אז הקוף היה טכנית היוצר של התמונה.,קוף יוצר תצלום
92,"But in Wikipedia's assessment, monkeys can't own copyrights.","אבל להערכת ויקיפדיה, קופים לא יכולים להחזיק בזכויות יוצרים.",ויקיפדיה הערכה קופים שלו זכויות יוצרים
93,"Hence, the photo was free and fair for all to use.","לפיכך, התמונה הייתה חופשית והוגנת לשימוש כולם.",תצלום לשחרר שימוש הוגן
94,It belonged to the internet.,זה היה שייך לאינטרנט.,השתייך לאינטרנט
95,David was baffled.,דיוויד היה מבולבל.,מבולבל
96,He thought.,הוא חשב.,מחשבה
97,"Well, surely I've got the copyright.","ובכן, בטח יש לי את זכויות היוצרים.",זכות יוצרים
98,I set it all up.,קבעתי הכל.,מערכת
99,I've got the intent.,יש לי את הכוונה.,מרוכז
100,I had the creativity.,הייתה לי את היצירתיות.,יצירתיות
101,All the monkey did is press the button.,כל מה שהקוף עשה זה ללחוץ על הכפתור.,הכל קוף עשה ללחוץ לחצן
102,"Wikipedia includes a note below the photo, which reads, quote, ""This file is in the public domain because as the work of a non-human animal it has no human author in whom copyright is vested."" This decision of Wikipedia's, to declare the photo public domain, that was the opening volley in the monkey selfie battle to come.","ויקיפדיה כוללת הערה מתחת לתמונה, שבה נכתב, ציטוט, ""קובץ זה נמצא בנחלת הכלל מכיוון שכיצירה של בעל חיים לא אנושי אין לו מחבר אנושי שזכויות יוצרים נתונות לו"".ההחלטה הזו של ויקיפדיה, להכריז על הצילום כנחלת הכלל, הייתה מטח הפתיחה בקרב הסלפי של הקופים שיגיע.",ויקיפדיה כולל פתק תצלום קורא קובץ נחלת הכלל עבודה חיה אנושי מחבר זכות יוצרים מושקע החלטה ויקיפדיה להכריז תצלום נחלת הכלל פתיחה קוף סלפי קרב לבוא
103,"It was the moment when mother nature was shoved aside, and human nature, with its overstuffed baggage of laws and opinions and domination, took a seat.","זה היה הרגע שבו אמא טבע נדחקה הצידה, והטבע האנושי, עם המטען הגדוש מדי של חוקים ודעות ושליטה, תפס מקום.",רגע אמא טבע דחף טבע אנושי ממולא יתר על המידה כבודה חוקים דעות שליטה לקח מושב
104,"David went on the offensive, assembled a team of lawyers, studied up on copyright law.","דוד יצא למתקפה, הרכיב צוות של עורכי דין, למד על דיני זכויות יוצרים.",התקפי מורכב קבוצה עורכי דין מחושב חוק זכויות יוצרים
105,He even looked into finding venture capitalists to fund a lawsuit against Wikipedia.,הוא אפילו בדק למצוא משקיעי הון סיכון שיממנו תביעה נגד ויקיפדיה.,הסתכל ממצא להעז קפיטליסטים קרן תביעה ויקיפדיה
106,Wikimedia that's the foundation that owns Wikipedia they just gave him the finger.,ויקימדיה זו הקרן שבבעלותה ויקיפדיה הם פשוט נתנו לו את האצבע.,ויקימדיה בעלים ויקיפדיה נתן אצבע
107,This was at their big conference in London.,זה היה בכנס הגדול שלהם בלונדון.,גדול ועידה לונדון
108,It's called Wikimania.,זה נקרא ויקימניה.,נקרא
109,"One of the founders, Jimmy Wales, was there.","אחד המייסדים, ג'ימי וויילס, היה שם.",מייסדים ויילס
110,"I soon got to know, from the good Wikipedians out there, that Jimmy Wales and many of the delegates were mocking me by printing out my image on great big boards that were placed all over the conference facility.","עד מהרה למדתי לדעת, מהוויקיפדים הטובים שם, שג'ימי וויילס ורבים מהנציגים לועגים לי על ידי הדפסת התמונה שלי על לוחות גדולים וגדולים שהוצבו בכל רחבי מתקן הוועידה.",לדעת טוב ויילס רבים נציגים לעגני הדפסה תמונה גדול גדול לוחות מוצב ועידה מתקן
111,And Jimmy Wales and various other people were encouraging the delegates to take selfies with my selfie.,וג'ימי וויילס ועוד אנשים שונים עודדו את הנציגים לצלם סלפי עם הסלפי שלי.,ויילס שונים אחר אנשים מעודד נציגים ליטול סלפי סלפי
112,That's just mean.,זה פשוט מרושע.,ממוצע
113,"There's quite a few of these images around the place on the internet, but the one with Jimmy Wales is particularly odious.","יש לא מעט מהתמונות האלה ברחבי המקום באינטרנט, אבל זו עם ג'ימי וויילס מגעילה במיוחד.",מעטים תמונות מקום לאינטרנט ויילס נתעב
114,Wait.,לַחֲכוֹת.,לחכות
115,I want to look that up really fast here.,אני רוצה לבדוק את זה ממש מהר כאן.,רוצה מבט מהיר
116,Hang on.,תחזיק מעמד.,לתלות
117,Yeah.,כֵּן.,
118,Jimmy Wales monkey selfie.,סלפי של קוף ג'ימי וויילס.,ויילס קוף סלפי
119,Jimmy Wales Wikimania.,ג'ימי וויילס ויקימניה.,ויילס
120,Here we go.,הנה אנחנו הולכים.,ללכת
121,"Oh, yeah.","אה, כן.",
122,Look at that.,תראה את זה.,מבט
123,"If you type Jimmy Wales monkey selfie into the Google, you'll find a photo of an adult male human holding his phone up in one hand and the monkey selfie in the other right next to his face.","אם תקלידו סלפי של קוף של ג'ימי וויילס בגוגל, תמצאו תמונה של גבר מבוגר מחזיק את הטלפון שלו ביד אחת ואת הסלפי של הקוף בשנייה ממש ליד הפנים שלו.",סוג ויילס קוף סלפי למצוא זכר למבוגרים אנושי החזקה טלפון יד קוף סלפי אחר הבא פנים
124,And he's got his lips puckered up like a duck.,ושפתיו מקומטות כמו ברווז.,שפתיים מקומט להתכופף
125,He looks ridiculous.,הוא נראה מגוחך.,מראה מגוחך
126,"Now, is he is that face he's making is that.","עכשיו, האם הוא הפרצוף הזה שהוא עושה הוא זה.",פנים הכנה
127,"Well, it's like a duck face.","ובכן, זה כמו פרצוף ברווז.",להתכופף פנים
128,I don't know where that comes from.,אני לא יודע מאיפה זה בא.,לא יודע מגיע
129,I don't either.,גם אני לא.,אל תעשה
130,But a lot of people seem to do this duck lips.,אבל נראה שהרבה אנשים עושים את זה בשפתי ברווז.,מגרש אנשים להראות לעשות להתכופף שפתיים
131,How did you feel when you saw that Jimmy Wales selfie with your monkey selfie?,איך הרגשת כשראית את הסלפי של ג'ימי וויילס עם הסלפי של הקוף שלך?,עשה תחושה מסור ויילס סלפי קוף סלפי
132,So angry.,כל כך כועס.,כועס
133,David was fighting Goliath.,דוד נלחם בגוליית.,לחימה
134,"And then one day, the battle took on epic new proportions.","ואז יום אחד, הקרב קיבל פרופורציות חדשות ואפיות.",יום קרב לקח אפוס חדש פרופורציות
135,"It was like King Kong walked onto the scene, and now David had to battle him too.","זה היה כאילו קינג קונג נכנס למקום, ועכשיו דיוויד נאלץ להילחם גם בו.",מלך הלכתי סצינה קרב
136,The dispute with Wikimedia had generated some press in the UK.,המחלוקת עם ויקימדיה יצרה כמה עיתונות בבריטניה.,מחלוקת ויקימדיה נוצר ללחוץ
137,"And one day, David's wife was online.","ויום אחד, אשתו של דוד הייתה מקוונת.",יום אשה
138,There it was.,הנה זה היה.,
139,Photographer being sued by a monkey.,צלם נתבע על ידי קוף.,צלם תבע קוף
140,You found out the monkey was suing you because your wife found it online.,גילית שהקוף תובע אותך כי אשתך מצאה אותו באינטרנט.,נמצא קוף תביעה אשה מצא
141,Yeah.,כֵּן.,
142,"Just as I found out Wikipedia was stealing it because I stumbled across it, I also stumbled across the fact that I was being sued by a monkey.","בדיוק כשגיליתי שוויקיפדיה גונבת אותה כי נתקלתי בה, נתקלתי גם בעובדה שתבעו אותי על ידי קוף.",מצא ויקיפדיה גניבה נתקל נתקל עובדה תבע קוף
143,"The monkey in the selfie photos was suing him for copyright infringement with the help of PETA, People for the Ethical Treatment of Animals.","הקוף בתמונות הסלפי תבע אותו על הפרת זכויות יוצרים בעזרת PETA, People for the Ethical Treatment of Animals.",קוף סלפי תמונות תביעה הפרת זכויות יוצרים עזרה אנשים אתי יחס בעלי חיים
144,David called his lawyers and said.,דוד התקשר לעורכי הדין שלו ואמר.,נקרא עורכי דין אמר
145,Look.,מַבָּט.,מבט
146,Have you seen what's happening now?,ראית מה קורה עכשיו?,ראה מתרחש
147,What can we do?,מה אנחנו יכולים לעשות?,לעשות
148,"And they said, Dave, this is clearly an April Fools'.","והם אמרו, דייב, ברור שזה אחד באפריל.",אמר טיפשים
149,Somebody is having you on.,מישהו מחזיק אותך.,שיש
150,"They said, just sit back.",,אמר לשבת
151,Let's see what happens.,בוא נראה מה יקרה.,מאפשר לראות קורה
152,But do not respond to it.,אבל אל תגיב לזה.,לעשות להגיב לדעת
153,And you can't you've got nothing to worry about until you get served papers.,ואתה לא יכול שאין לך מה לדאוג עד שיגישו לך ניירות.,דאגה מוגש ניירות
154,Let's see what happens.,בוא נראה מה יקרה.,מאפשר לראות קורה
155,Right.,יָמִינָה.,
156,"And sure enough, one afternoon I was at home.","ובאמת, אחר הצהריים אחד הייתי בבית.",בטוח צהריים בית
157,And there's a knock at the door.,והנה דפיקה בדלת.,נקישה דלת
158,And a man in a black suit was standing in my porch way.,ואדם בחליפה שחורה עמד בדרכי למרפסת.,אדם שחור חליפה עומד מרפסת דרך
159,I opened the door.,פתחתי את הדלת.,נפתח דלת
160,He thrust a large A4-sized white envelope in my hand.,הוא תחב בידי מעטפה לבנה גדולה בגודל A4.,דחף גדול בגודל לבן מעטפה יד
161,"And he says, I've been instructed to pass these to you.","והוא אומר, קיבלתי הוראה להעביר לך את אלה.",אומר הורה לעבור
162,"So I said, what are they?","אז אמרתי, מה הם?",אמר
163,And I opened it in front of him.,ופתחתי אותו לפניו.,נפתח חזית
164,And I took it out.,והוצאתי את זה.,לקח
165,"And I said to him, do you know what this is?","ואמרתי לו, אתה יודע מה זה?",אמר לעשות לדעת
166,"And he said, not really.","והוא אמר, לא ממש.",אמר
167,"I said, I'm being sued by a monkey.","אמרתי, קוף תובע אותי.",אמר תבע קוף
168,And I showed him.,והראיתי לו.,הראה
169,And he started laughing.,והוא התחיל לצחוק.,התחיל צוחק
170,And we had a little chat.,וניהלנו שיחה קטנה.,לשוחח לגרום
171,Because he was just a local from a local firm down the road from me.,כי הוא היה רק ​​מקומי מחברה מקומית בהמשך הדרך ממני.,מקומי מקומי מוצק כביש
172,And he went on his merry way.,והוא המשיך בדרכו העליזה.,הלך שמח דרך
173,I've read the complaint.,קראתי את התלונה.,לקרוא תלונה
174,It's kind of weird.,זה קצת מוזר.,משונה
175,You flip through pages and pages of legalese about copyright law.,אתה מדפדף בין דפים ודפים של משפטים בנושא חוק זכויות יוצרים.,להעיף דפים דפים חוק זכויות יוצרים
176,"And then at the end when you get to the exhibits, it's just a bunch of monkey selfies, grinning, serious, howling monkey selfies like a legal document put together by Curious George.","ואז בסוף כשאתה מגיע לתערוכות, זה רק חבורה של סלפי קופים, סלפי קופים מחייכים, רציניים, מייללים כמו מסמך משפטי שהרכיב ג'ורג' הסקרן.",סוף תערוכות צרור קוף סלפי מחייך רציני יללות קוף סלפי מסמך משפטי לשים סקרן
177,"The monkey, whose name is Naruto, was suing David through his next friends, People for the Ethical Treatment of Animals.","הקוף, ששמו נארוטו, תבע את דיוויד דרך חבריו הבאים, אנשים למען היחס האתי לבעלי חיים.",קוף שם תביעה הבא חברים אנשים אתי יחס בעלי חיים
178,"The case is officially called Naruto, a Crested Macaque, by and through his Next Friends, People for the Ethical Treatment of Animals, Inc., v David John Slater, an Individual.","התיק נקרא רשמית נארוטו, מקוק מצויד, על ידי ובאמצעות חבריו הבאים, אנשים למען היחס האתי לבעלי חיים, בע""מ, נגד דייוויד ג'ון סלייטר, אינדיווידואל.",מקרה נקרא מקוק הבא חברים אנשים אתי יחס בעלי חיים אישי
179,"In legal parlance, next friend is a status like guardian.","בשפה המשפטית, חבר הבא הוא סטטוס כמו אפוטרופוס.",משפטי אפן הדבור הבא חבר סטטוס אפוטרופוס
180,"When someone can't represent themselves in court, the next friend can step in for them.","כשמישהו לא יכול לייצג את עצמו בבית המשפט, החבר הבא יכול להתערב עבורו.",ליצג בית משפט הבא חבר שלב
181,That's just the same as if it was a baby or a disabled adult who couldn't speak or represent himself.,זה בדיוק אותו דבר כאילו היה זה תינוק או מבוגר מוגבל שלא יכול לדבר או לייצג את עצמו.,אותו תינוק נכה מבוגר לדבר ליצג
182,I see.,אני רואה.,לראות
183,That's not unusual in human law.,זה לא חריג בחוק האנושי.,יוצא דופן אנושי חוק
184,PETA has a reputation for pulling stunts to attract attention to the plight of animals.,ל-PETA יש מוניטין של ביצוע פעלולים כדי למשוך תשומת לב למצוקתן של בעלי חיים.,מוניטין משיכה פעלולים למשוך תשומת לב מצב בעלי חיים
185,"Once, they dumped horse manure on the sidewalk outside Gordon Ramsay's restaurant in London after a guest on his cooking show made a dish with horse meat.",פעם הם השליכו זבל סוסים על המדרכה מחוץ למסעדה של גורדון רמזי בלונדון לאחר שאורח בתוכנית הבישול שלו הכין מנה עם בשר סוס.,זרקו סוס מדרכה גורדון רמזיס מסעדה לונדון אורח בישול להציג עשוי מנה סוס בשר
186,They made a comic book called Your Mommy Kills Animals and then handed it out to moms who were wearing fur coats at performances of the Nutcracker.,הם הכינו ספר קומיקס בשם Your Mommy Kills Animals ואז חילקו אותו לאמהות שלבשו מעילי פרווה בהופעות של מפצח האגוזים.,עשוי קומיקס נקרא הורג בעלי חיים מסר אמהות לבישה פרווה מעילים הופעות
187,"They campaigned to change the word fish to sea kittens so that people would associate seafood with their adorable kitty cats and stop eating them the fish, I mean.","הם עשו קמפיין לשנות את המילה דגים לגורי ים כדי שאנשים יקשרו פירות ים עם חתולי החתולים המקסימים שלהם ויפסיקו לאכול להם את הדגים, זאת אומרת.",ניהל קמפיין לשנות מלה לדוג ים גורים אנשים משייכים פירות ים מקסים חתולים להפסיק אכילה דגים ממוצע
188,But Jeff Kerr he's the general counsel to PETA he says this monkey selfie case is not one of those stunts.,"אבל ג'ף קר הוא היועץ הכללי של PETA, הוא אומר שמקרה הסלפי של הקוף הוא לא אחד מהפעלולים האלה.",כללי עורך דין אומר קוף סלפי מקרה פעלולים
189,We first saw the monkey selfie in approximately 2014 when the dispute between Mr. Slater and Wikimedia became international news.,ראינו לראשונה את הסלפי של הקוף בערך בשנת 2014 כאשר המחלוקת בין מר סלייטר וויקימדיה הפכה לחדשות בינלאומיות.,מסור קוף סלפי מחלוקת ויקימדיה הפך חדשות
190,"Our view was immediately that Naruto, who created the photograph, should own the copyright to it.","השקפתנו הייתה מיד שנארוטו, שיצר את התצלום, צריך להיות בעל זכויות היוצרים עליו.",נוף נוצר נוצר תצלום שלו זכות יוצרים
191,"Jeff saw the dispute as this photographer wants to sue Wikimedia, and Wikimedia is claiming the photo is in the public domain.","ג'ף ראה את המחלוקת שכן הצלם הזה רוצה לתבוע את ויקימדיה, וויקימדיה טוענת שהתמונה היא נחלת הכלל.",מסור מחלוקת צלם רוצה לתבוע ויקימדיה ויקימדיה טוען תצלום נחלת הכלל
192,But who's standing up for the monkey?,אבל מי עומד בעד הקוף?,עומד קוף
193,That's what the law is.,זה מה שהחוק.,חוק
194,"And our argument, very simply, is that that should apply equally to him, even though he simply happens not to have been born human.","והטענה שלנו, בפשטות רבה, היא שזה צריך לחול עליו באותה מידה, למרות שהוא פשוט במקרה לא נולד בן אדם.",טענה לפנות קורה נולד אנושי
195,"But certainly the monkey didn't think like, now this is great.","אבל בהחלט הקוף לא חשב כאילו, עכשיו זה נהדר.",קוף לא חשבתי גדול
196,I've got a camera in my hands.,יש לי מצלמה בידיים.,מצלמה ידיים
197,I'm going to snap a couple frames and update my Bumble profile with whatever I get.,אני הולך לצלם כמה פריימים ולעדכן את פרופיל Bumble שלי עם כל מה שאקבל.,הולך לצלם זוג מסגרות לעדכן פרופיל לדעת
198,"The monkey's not thinking of it as, I'm taking a photograph here.","הקוף לא חושב על זה, אני מצלם כאן.",קופים חשיבה לקיחה תצלום
199,But that's not required under the copyright law.,אבל זה לא נדרש על פי חוק זכויות היוצרים.,מחויב חוק זכויות יוצרים
200,"All that's required is that the copyright law simply provides that the author, the creator of the image, is entitled to own it.","כל מה שנדרש הוא שחוק זכויות היוצרים פשוט קובע שהיוצר, היוצר של התמונה, זכאי להחזיק בה.",מחויב חוק זכויות יוצרים מספק מחבר יוצר תמונה רשאי שלו
201,It doesn't say that the author has to know that he or she is making a photograph.,זה לא אומר שהכותב צריך לדעת שהוא או היא מצלמים.,לא לומר מחבר לדעת הכנה תצלום
202,"If somebody gives you their camera and asks you to take a photograph, and you arrange them and you take the photograph, under those circumstances, you technically would own the copyright.","אם מישהו נותן לך את המצלמה שלו ומבקש ממך לצלם, ואתה מסדר אותם ואתה מצלם את התמונה, בנסיבות האלה, מבחינה טכנית תהיה לך זכויות היוצרים.",נותן מצלמה שואל לצלם תצלום לארגן לצלם תצלום נסיבות שלו זכות יוצרים
203,There are like 20 French tourists that I need to sue.,יש בערך 20 תיירים צרפתים שאני צריך לתבוע.,צרפתים תיירים צריך לתבוע
204,PETA is an American organization.,PETA הוא ארגון אמריקאי.,ארגון
205,And the case was to be heard in federal court in San Francisco.,והתיק היה אמור להידון בבית משפט פדרלי בסן פרנסיסקו.,מקרה נשמע בית משפט פדרלי סן פרנסיסקו
206,David talked to his lawyers in England.,דיוויד שוחח עם עורכי הדין שלו באנגליה.,דיבר עורכי דין אנגליה
207,And they told him he needed to hire an American attorney and fight this.,"והם אמרו לו שהוא צריך לשכור עו""ד אמריקאי ולהילחם בזה.",סיפר נחוץ לשכור עורך דין מאבק
208,"I was advised by talking to these attorneys that I really did need to follow this through, because there would be a chance, an outside chance albeit, of it just going the monkey's way if I didn't challenge it.","ייעצו לי בשיחה עם עורכי הדין האלה שאני באמת צריך לבצע את זה, כי יהיה סיכוי, אם כי סיכוי חיצוני, שזה פשוט ילך לדרכו של הקוף אם לא אאתגר אותו.",מומלץ שיחה עורכי דין צורך עשה צורך לעקוב הזדמנות הזדמנות הולך קופים דרך לא אתגר
209,The monkey would win?,הקוף ינצח?,קוף לנצח
210,Yeah.,כֵּן.,
211,"Well, it was in the court in California.","ובכן, זה היה בבית המשפט בקליפורניה.",בית משפט קליפורניה
212,And everybody has the opinion that anything can happen there.,ולכולם יש דעה שהכל יכול לקרות שם.,דעה לקרות
213,I don't know how true that is.,אני לא יודע כמה זה נכון.,לא יודע נכון
214,But I was being told I can't take that risk.,אבל אמרו לי שאני לא יכול לקחת את הסיכון הזה.,סיפר ליטול להסתכן
215,But of course.,אבל כמובן.,כמובן
216,Have you been to California?,היית בקליפורניה?,קליפורניה
217,"Well, no.","ובכן, לא.",
218,It's kind of true.,זה די נכון.,נכון
219,David hired Andrew Dhuey to represent him.,דייוויד שכר את אנדרו דהוי לייצג אותו.,שכר ליצג
220,Do you remember when you first heard about the case?,אתה זוכר מתי שמעת לראשונה על המקרה?,לעשות לזכור נשמע מקרה
221,Was it when did David call you?,מתי דיוויד התקשר אליך?,שיחה
222,Is that how you first heard about it?,ככה שמעת על זה לראשונה?,נשמע
223,"No, I read about it.","לא, קראתי על זה.",לקרוא
224,And I don't remember where I read about it.,ואני לא זוכר איפה קראתי על זה.,אל תעשה לזכור לקרוא
225,But I got pretty excited when I saw that it was filed in San Francisco federal court because I'm right across the bay in Berkeley.,אבל די התרגשתי כשראיתי שזה הוגש לבית המשפט הפדרלי בסן פרנסיסקו כי אני ממש מעבר למפרץ בברקלי.,נרגש מסור מתויק סן פרנסיסקו בית משפט פדרלי לגרום ברקלי
226,"So I thought, wow, I would be perfect for this case.","אז חשבתי, וואו, אני אהיה מושלם עבור המקרה הזה.",חשבתי מושלם מקרה
227,Andrew is an intellectual property lawyer.,אנדרו הוא עורך דין קניין רוחני.,קניין רוחני עורך דין
228,Works for himself.,עובד בשביל עצמו.,עבודות
229,"And when he read about the case, he reached out to David to ask if he could take it.","וכשקרא על המקרה, הוא פנה אל דוד לשאול אם הוא יכול לקחת את זה.",לקרוא מקרה הגיע לשאול ליטול
230,Why did you think you were perfect for the case?,למה חשבת שאתה מושלם לתיק?,לחשוב מושלם מקרה
231,"Well, I think the case kind of lent itself to making monkey puns and things like that.","ובכן, אני חושב שהמקרה די השאיל את עצמו ליצירת משחקי מילים של קופים ודברים כאלה.",חושב יודע מקרה יודע הכנה קוף משחקי מילים דברים
232,And I just thought that would be I kind of like to do that.,ופשוט חשבתי שזה יהיה שאני די אוהב לעשות את זה.,מחשבה
233,I like to joke around.,אני אוהב להתבדח.,
234,I don't know if you've seen my LinkedIn profile.,אני לא יודע אם ראית את פרופיל הלינקדאין שלי.,לא יודע ראה לינקדאין פרופיל
235,I'm in a Chippendales costume.,אני בתחפושת של צ'יפנדיילס.,צ'יפנדיילס תלבושת
236,"For his LinkedIn picture, Andrew chose a shot of himself wearing eyeglasses, a bow tie, and nothing else.","לתמונת הלינקדאין שלו, אנדרו בחר תמונה שלו עם משקפי ראייה, עניבת פרפר ותו לא.",לינקדאין תמונה בחר בעיטה לבישה משקפים קשת עניבה
237,"All these years I've been practicing for like 25 years, and I've never been able to joke around in anything I filed in court.","כל השנים האלה אני מתאמן 25 שנה, ומעולם לא הצלחתי להתבדח בשום דבר שהגשתי לבית המשפט.",שנים מתאמן שנים מסוגל מתויק בית משפט
238,"So I was like, hey, this would actually be a case where I could do that.","אז חשבתי, היי, זה באמת יהיה מקרה שבו אני יכול לעשות את זה.",מקרה
239,"That said, he's a real intellectual property lawyer.","עם זאת, הוא עורך דין קניין רוחני אמיתי.",אמר אמיתי קניין רוחני עורך דין
240,"He's defended the toy company Wham-O, won an important case against Panasonic.","הוא הגן על חברת הצעצועים Wham-O, זכה בתיק חשוב נגד פנסוניק.",מוגן צעצוע חברה ניצח חשוב מקרה
241,"And for Andrew, the case was a one banana problem.","ועבור אנדרו, המקרה היה בעיה של בננה אחת.",מקרה בננה בעיה
242,He answered Naruto's complaint with a motion to dismiss the case.,הוא ענה לתלונתו של נארוטו בבקשה לבטל את התיק.,ענה תלונה תנועה לדחות מקרה
243,"Monkeys, he said, do not have standing to sue in federal court.","לקופים, אמר, אין סמכות לתבוע בבית משפט פדרלי.",קופים אמר עומד לתבוע בית משפט פדרלי
244,His argument is based on a precedent set in 2004 in a case called Cetacean Community v George W.,הטיעון שלו מבוסס על תקדים שנקבע בשנת 2004 בתיק בשם Cetacean Community v George W.,טענה מבוסס תקדים מערכת מקרה נקרא קהילה
245,"Bush, in which all the world's whales, porpoises, and dolphins sued the president.","בוש, שבו תבעו את הנשיא כל הלווייתנים, החזירונים והדולפינים בעולם.",עולמות לווייתנים דולפינים דולפינים תבע נשיא
246,"All the world's whales, porpoises, and dolphins argued that the military's use of underwater sonar was hurting them, changing their natural behaviors, like eating and mating.","כל הלווייתנים, הדולפינים והדולפינים בעולם טענו שהשימוש של הצבא בסונאר תת-מימי פוגע בהם, משנה את ההתנהגויות הטבעיות שלהם, כמו אכילה והזדווגות.",עולמות לווייתנים דולפינים דולפינים טען צבאות להשתמש תת ימי פוגע משתנה טבעי התנהגויות אכילה הזדווגות
247,"Basically, sonar is just an incredibly loud sound wave.","בעיקרון, סונאר הוא רק גל קול חזק להפליא.",בקול רם גל קול
248,"So cetaceans, that's a scientific word for a category of marine mammal cetaceans flee when they hear sonar, sometimes even beating themselves to get away.","אז לוונים, זו מילה מדעית לקטגוריה של לומני יונקים ימיים בורחים כשהם שומעים סונאר, לפעמים אפילו מכים את עצמם כדי לברוח.",יונקים ימיים מדעי מלה קטגוריה יונק יונקים ימיים לשמוע חוף
249,"In that case, the Ninth Circuit Court of Appeals decided that unless Congress explicitly states otherwise, animals do not have standing to sue in federal court.","במקרה זה, בית המשפט התשיעי לערעורים החליט כי אלא אם כן הקונגרס קבע אחרת במפורש, לבעלי חיים אין זכות לתבוע בבית משפט פדרלי.",מקרה בית משפט ערעורים החליט מדינות בעלי חיים עומד לתבוע בית משפט פדרלי
250,So that's the case Andrew pointed to in his defense.,אז זה המקרה שאנדרו הצביע עליו להגנתו.,מקרה מחודד הגנה
251,"But PETA hired an outside attorney to represent the monkey Naruto in court, a guy named David Schwarz.","אבל PETA שכרה עורך דין חיצוני שייצג את הקוף נארוטו בבית המשפט, בחור בשם דיוויד שוורץ.",נשכר עורך דין ליצג קוף בית משפט בחור שם
252,"This guy, Schwarz, he comes from a fancy law firm in Los Angeles known for intellectual property law.","הבחור הזה, שוורץ, הוא בא ממשרד עורכי דין מפואר בלוס אנג'לס הידוע בדיני קניין רוחני.",בחור מגיע משרד עורכי דין לוס אנג'לס ידוע קניין רוחני חוק
253,Most of his case was an intellectual property argument that Naruto was the legal owner of the copyright because he was the one who made the photo.,רוב המקרה שלו היה טיעון קניין רוחני לפיו נארוטו היה הבעלים החוקי של זכויות היוצרים מכיוון שהוא זה שעשה את התמונה.,מקרה קניין רוחני טענה משפטי זכות יוצרים יצר תצלום
254,But PETA also saw this case as an opportunity to nudge the law and set a precedent.,אבל PETA גם ראתה במקרה הזה הזדמנות לדחוף את החוק וליצור תקדים.,ראה מקרה הזדמנות להזיז חוק מערכת תקדים
255,They disagreed with the ruling in the cetacean case.,הם לא הסכימו עם הפסיקה בעניין השכינה.,לא הסכים פסק דין מקרה
256,They believe animals should have recourse in court.,הם מאמינים שבעלי חיים צריכים לפנות לבית המשפט.,מאמינים בעלי חיים בית משפט
257,"Calling civil matter 15-4324, Naruto v David John Slater, et al.","קורא לעניין אזרחי 15-4324, Naruto v David John Slater, et al.",יעוד אזרחי חומר לזנק
258,"Counsel, please come forward and state your appearance.","עורך דין, בבקשה בוא קדימה והצהיר על הופעתך.",עורך דין לבוא מדינה הופעה טוב
259,This is a recording from the hearing in the federal district court in San Francisco.,מדובר בהקלטה מהדיון בבית המשפט המחוזי הפדרלי בסן פרנסיסקו.,צהריים הקלטה שמיעה בית משפט פדרלי סן פרנסיסקו בלתי צפוי
260,The judge asked Schwarz if he has an example of an animal ever being granted a copyright.,השופט שאל את שוורץ אם יש לו דוגמה לכך שחיה קיבלה אי פעם זכויות יוצרים.,לשפוט שאל דוגמה חיה מוענק זכות יוצרים
261,"In the vast history of common law prior to the Copyright Act, was there do you have an example of where an animal was granted a copyright?","בהיסטוריה העצומה של המשפט המקובל לפני חוק זכויות היוצרים, האם יש לך דוגמה למקום שבו ניתנה לבעל חיים זכויות יוצרים?",עצום היסטוריה המשפט המקובל חוק זכויות יוצרים דוגמה חיה מוענק זכות יוצרים
262,I do not have an example where an animal was granted a copyright.,אין לי דוגמה שבה ניתנה זכויות יוצרים לחיה.,דוגמה חיה מוענק זכות יוצרים
263,We could make the counterargument as to how other humans were denied protection under that law due to the color of their skin.,נוכל להעלות את הטיעון הנגדי לגבי האופן שבו נמנעה מבני אדם אחרים הגנה על פי חוק זה בשל צבע עורם.,לעשות טיעון נגדי אחר בני אדם נדחתה הגנה חוק עקב צבע עור
264,One could see the contradiction in a statutory interpretation where we see that problem in the antebellum days.,אפשר לראות את הסתירה בפרשנות סטטוטורית שבה אנו רואים את הבעיה הזו בימי קדם הבל.,לראות סתירה פירוש לראות בעיה ימים
265,But when you look at the cornerstones of.,אבל כשמסתכלים על אבני היסוד של.,מבט יסודות
266,"That's quite a stretch, Mr. Schwarz.","זה די מתיחה, מר שוורץ.",מתיחה
267,Just to pause on this for a moment.,רק לעצור על זה לרגע.,הפסקה רגע ענה
268,"Yes, Schwarz is comparing a monkey's lack of copyright to chattel slavery, which is offensive and seems weirdly blind to the racist history of comparing black people and monkeys.","כן, שוורץ משווה חוסר זכויות יוצרים של קוף לעבדות מטלטלין, שהיא פוגענית ונראית עיוורת באופן מוזר להיסטוריה הגזענית של השוואה בין שחורים לקופים.",השוואה קופים חוסר זכות יוצרים עבדות מיטלטלין התקפי נראה לסמא גזען היסטוריה השוואה אנשים שחורים קופים
269,Even Schwarz seems uncomfortable with it.,אפילו שוורץ נראה לא בנוח עם זה.,נראה לא נוח
270,He's saying that denying a monkey the right to own property because of its species is the same as denying humans the right to own property because of the color of their skin.,הוא אומר שמניעת הזכות לבעלות על רכוש מקוף בגלל המין שלו זהה לשלילת זכות הקניין מבני אדם בגלל צבע עורם.,פתגם מכחיש קוף נכס משלו אותו הדבר מכחיש בני אדם נכס משלו צבע עור
271,"That's quite a stretch, Mr. Schwarz.","זה די מתיחה, מר שוורץ.",למתוח
272,Pardon me?,סליחה?,חנינה
273,That's quite a stretch.,זה די מתיחה.,למתוח
274,But go ahead.,אבל קדימה.,ללכת
275,And I certainly wouldn't make it the centerpiece of any argument here today.,ובוודאי שלא הייתי הופך את זה למרכז של שום ויכוח כאן היום.,לעשות מרכז טענה היום
276,"But it is fair to say that before the adoption of the 14th Amendment, the concepts of property ownership in the area of patents foreclosed the ability of a slave to claim ownership to a patent.","אבל זה הוגן לומר שלפני אימוץ התיקון ה-14, המושגים של בעלות על רכוש בתחום הפטנטים עיקלו את יכולתו של עבד לתבוע בעלות על פטנט.",הוגן לומר אימוץ ארבעה עשר תקון מושגים בעלות נכס אזור פטנטים יכולת עבד תביעה בעלות פטנט
277,What's going on here is that PETA sees the monkey selfie case in the context of a larger end game.,מה שקורה כאן הוא ש-PETA רואה את מקרה הסלפי של הקוף בהקשר של משחק קצה גדול יותר.,הולך רואה קוף סלפי מקרה הקשר גדול יותר סוף המשחק
278,"If they can get a court to agree that denying a monkey the right to own property is the same as denying a human the right to own property, that opens the door for the legal system to completely reconsider the legal status of animals.","אם הם יכולים לגרום לבית משפט להסכים שמניעת הזכות לבעלות על רכוש מקוף זהה לשלילת זכות הקניין מאדם, זה פותח את הדלת למערכת המשפטית לשקול מחדש לחלוטין את המעמד המשפטי של בעלי חיים.",בית משפט להסכים מכחיש קוף נכס משלו אותו מכחיש אנושי נכס משלו נפתח דלת מערכת משפטית לשקול שוב סטטוס משפטי בעלי חיים
279,An animal would be declared an owner of property instead of just being property.,בעל חיים יוכרז כבעל רכוש במקום להיות רק רכוש.,חיה יוכרז נכס נכס
280,This isn't the first time PETA has tried an argument like this in the courts.,זו לא הפעם הראשונה ש-PETA מנסה טיעון כזה בבתי המשפט.,זמן ניסה טענה בתי המשפט
281,"In 2011, they sued SeaWorld on behalf of five orcas at SeaWorld Orlando and SeaWorld San Diego.",ב-2011 הם תבעו את SeaWorld בשם חמישה אורקות ב-SeaWorld אורלנדו וב-SeaWorld סן דייגו.,תבע מטעם דייגו
282,"Orcas are huge, 20 to 30 feet long.","אורקות הם ענקיים, באורך של 20 עד 30 רגל.",עצום רגליים
283,And they weigh about six tons.,והם שוקלים כשישה טון.,לשקול טונות
284,They typically travel around 75 miles in a day.,הם בדרך כלל נוסעים בסביבות 75 מייל ביום.,לנסוע מיילים יום
285,"PETA said that keeping these orcas at SeaWorld in small concrete tanks against their will to perform for human entertainment, that was slavery.","PETA אמר כי החזקת האורקות הללו ב-SeaWorld במיכלי בטון קטנים בניגוד לרצונם להופיע למען בידור אנושי, זו הייתה עבדות.",אמר שמירה קטן בטון טנקים לבצע אנושי בידור עבדות
286,PETA lost that case.,PETA הפסידה בתיק הזה.,אבד מקרה
287,But SeaWorld has agreed to end its captive orca program after the last of their 27 orcas dies.,אבל סי-וורלד הסכימה לסיים את תוכנית האורקה השבויה שלה לאחר שמת האחרון מבין 27 האורקות שלהם.,מוסכם סוף שבוי אורקה תכנית אחרון מת
288,"To understand why PETA is pursuing cases like these, you have to consider two very different pictures about how the world works.","כדי להבין מדוע PETA רודפת מקרים כמו אלה, אתה צריך לשקול שתי תמונות שונות מאוד על איך העולם עובד.",להבין רודף מקרים לשקול שונה תמונות עולם עובד
289,"In one of them, humans are at the top of the food chain-- either because God wanted it that way, or because we figured out how to use our opposable thumbs so well that we could hunt and gather, and till the soil, and build cities, and create copyright laws.","באחד מהם, בני האדם נמצאים בראש שרשרת המזון - או בגלל שאלוהים רצה את זה ככה, או בגלל שמצאנו איך להשתמש באגודלים המנוגדים שלנו כל כך טוב שנוכל לצוד ולאסוף, ולעבד את האדמה, ולבנות ערים, וליצור חוקי זכויות יוצרים.",בני אדם ראש שרשרת המזון רצה דרך הבנו להשתמש אגודלים לצוד לאסוף אדמה לבנות ערים ליצור חוקי זכויות יוצרים
290,We make the rules for everything else in this world.,אנחנו קובעים את הכללים לכל דבר אחר בעולם הזה.,ליצור כללים עולם
291,And the other picture-- and this is the one PETA has hanging on their wall-- humans are not at the top.,והתמונה השנייה - וזו התמונה של PETA תלויה על הקיר שלהם - בני אדם לא נמצאים בראש.,אחר תמונה תלוי קיר בני אדם ראש
292,Humans are just another mammal walking around on earth.,בני אדם הם רק עוד יונק שמסתובב על פני כדור הארץ.,בני אדם יונק הולך כדור הארץ
293,"And if we're going to give ourselves certain rights as humans, we should extend those rights to our fellow animals.","ואם אנחנו מתכוונים לתת לעצמנו זכויות מסוימות כבני אדם, עלינו להרחיב את הזכויות הללו לאחיינו החיות.",לתת מסוים זכויות בני אדם להאריך זכויות עמית בעלי חיים
294,You guys are saying humans are not superior to other animals.,אתם אומרים שבני אדם אינם עדיפים על חיות אחרות.,חבר'ה פתגם בני אדם עליון בעלי חיים אחרים
295,We're not.,אנחנו לא.,
296,We are just another member of the animal kingdom.,אנחנו רק עוד חבר בממלכת החיות.,חבר ממלכת החיות לדעת
297,And it doesn't it's just prejudice and hubris that prevents us many times from seeing that.,וזה לא רק דעות קדומות והיבריס שמונעים מאיתנו הרבה פעמים לראות את זה.,לפגוע מונע פעמים רבות לראות
298,"This is Jeff Kerr again, the general counsel to PETA.","זה שוב ג'ף קר, היועץ הכללי של PETA.",כללי עורך דין
299,That property status is something that we think is just an abomination.,מעמד הרכוש הזה הוא משהו שאנחנו חושבים שהוא רק תועבה.,נכס סטטוס לחשוב תועבה
300,"Like Naruto, these animals are feeling, sentient beings.","כמו נארוטו, החיות הללו הן יצורים חשים ובעלי חיים.",בעלי חיים מרגיש יצורים תודעתיים
301,"They should be entitled to fundamental legal rights beyond simply food, water, veterinary care, and shelter.","הם צריכים להיות זכאים לזכויות יסוד משפטיות מעבר למזון, מים, טיפול וטרינרי ומחסה בלבד.",רשאי יסוד זכויות משפטיות מזון מים וטרינרי לטפל מקלט
302,"This idea that animals should have recognized, fundamental legal rights is not unprecedented.",הרעיון הזה שבעלי חיים היו צריכים להכיר בזכויות משפטיות בסיסיות אינו חסר תקדים.,רעיון בעלי חיים מוכר יסוד זכויות משפטיות חסר תקדים
303,"Three years ago in Argentina, a judge granted a habeas corpus petition filed on behalf of an orangutan at a zoo in Buenos Aires.","לפני שלוש שנים בארגנטינה, קיבל שופט עתירה שהוגשה בשם אורנגאוטן בגן חיות בבואנוס איירס.",שנים ארגנטינה לשפוט מוענק לעתור הגיש מטעם בואנוס איירס
304,"She was being held in a tiny, crappy cage.",היא הוחזקה בכלוב קטנטן ומחורבן.,מוחזק זעיר גרוע כלוב
305,"The judge decided the orangutan had basic rights as a non-human person, including the right to freedom.","השופט החליט שלאורנגאוטן יש זכויות בסיסיות כאדם לא אנושי, כולל הזכות לחירות.",לשפוט החליט אורנגאוטן זכויות בסיסיות אדם לרבות חופש
306,"And in New York state, an attorney is fighting to get the courts to recognize that two captive chimps, Tommy and Kiko, are non-human persons deserving of legal rights, just like corporations get.","ובמדינת ניו יורק, עורך דין נלחם כדי לגרום לבתי המשפט להכיר בכך ששני שימפנזים שבויים, טומי וקיקו, הם אנשים לא אנושיים הראויים לזכויות משפטיות, בדיוק כמו שמקבלים תאגידים.",חדש מדינה עורך דין נאבק בתי המשפט להכיר שבוי אנשים ראוי זכויות משפטיות תאגידים
307,"The thing is David Slater, the photographer who's getting sued by the monkey, he agrees with PETA on this point.","העניין הוא דיוויד סלייטר, הצלם שנתבע על ידי הקוף, הוא מסכים עם PETA בנקודה זו.",דבר צלם תבע קוף מסכים נקודה
308,"In fact, he used to defend PETA to his friends when they grumbled about the stunts.","למעשה, הוא נהג להגן על PETA בפני חבריו כאשר הם רטנו על הפעלולים.",עובדה משומש להגן חברים רטן פעלולים
309,David even worked with them once on a campaign to protect wild hogs near his home in England.,דיוויד אפילו עבד איתם פעם אחת בקמפיין להגנה על חזירי בר ליד ביתו באנגליה.,עבד מסע להגן פראי חזירים בית אנגליה
310,That's one of the greatest shames on them is that they've attacked somebody who is trying to achieve the same goal as they are.,זו אחת הבושה הכי גדולה עבורם היא שהם תקפו מישהו שמנסה להשיג את אותה מטרה כמוהם.,הגדול ביותר בושה תקף מנסה להשיג אותו יעד
311,Saving animals from suffering is a very noble cause.,הצלת בעלי חיים מסבל היא מטרה נעלה מאוד.,חסכון בעלי חיים סבל אצילי לגרום
312,But I think sometimes they get carried away with their power.,אבל אני חושב שלפעמים הם נסחפים עם הכוח שלהם.,לחשוב נשא כוח
313,"Did the fact that this group that's sort of on your side was the one kind of attacking you or opposing you, did that make you stop ever and think, well, now, wait a minute?","האם העובדה שהקבוצה הזו שנמצאת קצת בצד שלך הייתה הסוג היחיד שתקף אותך או התנגד לך, זה גרם לך לעצור אי פעם ולחשוב, טוב, עכשיו, חכה רגע?",עובדה קבוצה סוג צד תוקף מתנגדים לעשות להפסיק לחשוב לחכות דקה
314,Do they have a point?,יש להם טעם?,נקודה
315,No.,לֹא.,
316,I've had to think very carefully about what my philosophy is.,נאלצתי לחשוב היטב מה הפילוסופיה שלי.,לחשוב פילוסופיה לגרום
317,"Because the book, my Wildlife Personalities book, that's part of the court case, I argue for animals having more fundamental rights, like dignity, and access to their ancestral forests, and access to food.","מכיוון שהספר, ספר אישיות חיות הבר שלי, זה חלק מתיק בית המשפט, אני טוען שלבעלי חיים יש זכויות בסיסיות יותר, כמו כבוד, וגישה ליערות אבותיהם וגישה למזון.",חיות בר אישיויות חלק חלק בית משפט מקרה לטעון בעלי חיים שיש זכויות בסיסיות כבוד גישה קדומים יערות גישה מזון
318,So I am an animal rights advocate.,אז אני חסיד זכויות בעלי חיים.,זכויות בעלי חיים עורך דין
319,Naruto and PETA lost that first round in court.,נארוטו ו-PETA הפסידו בסיבוב הראשון בבית המשפט.,אבד עגול בית משפט
320,Andrew Dhuey called David to tell him the news.,אנדרו דואי התקשר לדיוויד כדי לבשר לו את החדשות.,נקרא לספר חדשות
321,We just took it very casually.,פשוט לקחנו את זה כלאחר יד.,לקח
322,"We just said, yeah, of course.","רק אמרנו, כן, כמובן.",אמר כמובן
323,Of course that's going to get thrown out.,כמובן שזה ייזרק החוצה.,כמובן נזרק
324,Andrew Dhuey said this all along to me.,אנדרו דהוי אמר לי את זה כל הזמן.,אמר
325,There's no way that this is going to go anywhere.,אין סיכוי שזה יגיע לשום מקום.,דרך ללכת
326,And then the monkey appealed.,ואז הקוף ערער.,קוף ערעור
327,"Good morning, Your Honors.","בוקר טוב, כבוד הרב.",בוקר טוב הצטיינות
328,"And may it please the court, David Schwarz on behalf of the appellant.","ויהי רצון לבית המשפט, דוד שוורץ בשם המערער.",בית משפט מטעם עורר
329,The case went before three judges on the Ninth Circuit Court of Appeals.,התיק הועבר לשלושה שופטים בבית המשפט התשיעי לערעורים.,מקרה שופטים בית משפט בית משפט לערעורים מקרה
330,That's the court that ruled against Trump's travel ban twice this year.,זה בית המשפט שהכריע את איסור הנסיעה של טראמפ פעמיים השנה.,שלט מנצחים לנסוע לאסור שנה
331,These judges are not messing around.,השופטים האלה לא מתעסקים.,שופטים בלגן
332,Schwarz made it 30 seconds into his oral argument before one of the judges interrupted him.,שוורץ עשה זאת 30 שניות לטיעונו בעל פה לפני שאחד השופטים קטע אותו.,עשוי שניות שבעל פה טענה שופטים מופרע כבוד
333,"Mr. Schwarz, before we get there, there's a preliminary question which I'd like you to address.","מר שוורץ, לפני שנגיע לשם, יש שאלה מקדימה שארצה שתתייחס אליה.",מקדים שאלה כתובת
334,"At this stage, the attorneys and the judges are going to debate case law.",בשלב זה עומדים עורכי הדין והשופטים לדון בפסיקה.,שלב עורכי דין שופטים דיון מקרה חוק
335,"And the judges have a lot of questions for Schwarz the first being, how are you qualified to be Naruto's next friend?","ולשופטים יש הרבה שאלות לשוורץ, קודם כל, איך אתה כשיר להיות החבר הבא של נארוטו?",שופטים מגרש שאלות מוסמך הבא חבר
336,You don't know the monkey.,אתה לא מכיר את הקוף.,לא יודע קוף לטעון
337,"And then a few minutes later, Judge Randy Smith interrupts Schwarz to grill him about injury.","ואז כמה דקות לאחר מכן, השופט רנדי סמית' קוטע את שוורץ כדי להגריל אותו לגבי פציעה.",סעיף כמה דקות לשפוט הפרעות לחקור פציעה
338,That's the legal term for harm or damage.,זה המונח המשפטי לנזק או נזק.,משפטי מונח פגיעה נזק
339,"Well, what's your injury?","ובכן, מה הפציעה שלך?",פציעה
340,There's no way to acquire or hold some money which the copyright would give.,אין דרך לרכוש או להחזיק כסף שזכויות היוצרים יתנו.,דרך לרכוש להחזיק כסף זכות יוצרים לתת
341,There's no losses to reputation.,אין הפסד למוניטין.,אבדות מוניטין
342,There's no even allegation that the copyright could have benefited somehow Naruto.,אין אפילו טענה שזכויות היוצרים היו יכולות להועיל איכשהו לנארוטו.,האשמה זכות יוצרים נהנו
343,What financial benefits apply to him?,אילו הטבות כספיות חלות עליו?,כספי הטבות לפנות
344,There's nothing.,אין כלום.,
345,"But, Your Honor, the redressability issue doesn't necessarily turn on the compensation.","אבל, כבוד השופט, סוגיית התיקון לא בהכרח מפעילה את הפיצוי.",כבוד עניין פנה פיצוי
346,It could be.,זה יכול להיות.,
347,"Well, I want to know what then is the injury.","ובכן, אני רוצה לדעת מהי הפציעה.",רוצה לדעת פציעה
348,There's no case that says copyright infringement itself is injury.,אין מקרה שאומר שהפרת זכויות יוצרים עצמה היא פגיעה.,מקרה אומר הפרת זכויות יוצרים פציעה
349,So what injury do we have?,אז איזו פציעה יש לנו?,פציעה
350,"Whatever the legal merits of this case are, there's just something really enjoyable about hearing lawyers throw around terms like redressability and compensation and injury when they're talking about a monkey.","לא משנה מה היתרונות המשפטיים של התיק הזה, יש משהו ממש מהנה בלשמוע עורכי דין זורקים מונחים כמו יכולת תיקון ופיצוי ופציעה כשהם מדברים על קוף.",משפטי יתרונות מקרה מהנה שמיעה עורכי דין לזרוק מונחים יכולת תיקון פיצוי פציעה שיחה קוף
351,"I mean, if you give me a case that says copyright infringement itself is injury, I'll believe you.","כלומר, אם תביא לי מקרה שאומר שהפרת זכויות יוצרים כשלעצמה היא פגיעה, אני אאמין לך.",ממוצע לתת מקרה אומר הפרת זכויות יוצרים פציעה להאמין
352,But I don't think you've given me one.,אבל אני לא חושב שנתת לי אחד.,אל תחשוב נתון
353,What's your injury?,מה הפציעה שלך?,פציעה
354,"The judges and Schwarz volley over case law and legal precedent and the definition of author for 20 minutes before handing the floor to David's lawyer, Andrew Dhuey.","השופטים ושוורץ מטפחים על פסיקה ותקדים משפטי ועל הגדרת המחבר במשך 20 דקות לפני שהם מוסרים את הדיבור לעורך דינו של דיוויד, אנדרו דווי.",שופטים מקרה חוק משפטי תקדים הגדרה מחבר פרוטוקול מסירה במה עורך דין
355,"And after two years of research and legal filings and oral arguments, Dhuey finally gets his wish to make a monkey joke in court.","ואחרי שנתיים של מחקר והגשות משפטיות וטיעונים בעל פה, דואי סוף סוף מקבל את רצונו לעשות בדיחה של קוף בבית המשפט.",שנים מחקר משפטי נשורת שבעל פה טיעונים בקשה לעשות בית משפט
356,"Monkey see, monkey sue will not do in federal court.","קוף רואה, תביעת קוף לא תתאים בבית משפט פדרלי.",קוף לראות קוף לתבוע בית משפט פדרלי
357,"After that, his oral arguments can pretty much be summed up as, you should throw this case out.","לאחר מכן, ניתן לסכם את הטיעונים בעל פה בערך כך שכדאי לזרוק את התיק הזה.",שבעל פה טיעונים הרבה לסכם לזרוק מקרה
358,And can you please make PETA pay my legal fees?,והאם אתה יכול בבקשה לגרום ל-PETA לשלם את הוצאות המשפט שלי?,לעשות לשלם משפטי עמלות נדון
359,"Once Dhuey is done, Angela Dunning gets up.","לאחר שדואי מסיים, אנג'לה דאנינג קמה.",נעשה מתן
360,She's the codefendant's attorney.,היא עורכת הדין של הנאשם.,נאשמים עורך דין
361,PETA also sued the self-publishing book company that David had used.,PETA תבעה גם את חברת הספרים להוצאה עצמית שדיוויד השתמש בה.,תבע פרסום עצמי חברה משומש
362,"So Angela Dunning gets up to deliver her defense, which is also pretty straightforward.","אז אנג'לה דאנינג קמה כדי לספק את ההגנה שלה, שהיא גם די פשוטה.",למסור הגנה
363,Naruto can't benefit financially from his work.,נארוטו לא יכול להרוויח כלכלית מעבודתו.,להנות עבודה
364,He's a monkey.,הוא קוף.,קוף
365,David Slater wasn't in court in San Francisco that day.,דייוויד סלייטר לא היה בבית המשפט בסן פרנסיסקו באותו יום.,בית משפט סן פרנסיסקו יום
366,He didn't want to spend the money to travel all the way to California from Wales.,הוא לא רצה לבזבז את הכסף כדי לנסוע כל הדרך לקליפורניה מוויילס.,רוצה לבלות כסף לנסוע דרך קליפורניה ויילס
367,But he watched the whole hearing online.,אבל הוא צפה בכל הדיון באינטרנט.,צפה כל שמיעה
368,When I watched itand you see three judges there.,כשצפיתי בו ואתה רואה שם שלושה שופטים.,צפה לראות שופטים
369,"And then one attorney comes up, and then my attorney comes up, Andrew and then Angela, and they started talking about monkeys.","ואז עורך דין אחד בא, ואז עורך הדין שלי בא, אנדרו ואחר כך אנג'לה, והם התחילו לדבר על קופים.",עורך דין מגיע עורך דין מגיע התחיל לדבר קופים
370,It made it real all of a sudden.,זה הפך את זה למציאותי פתאום.,הפך אמיתי פתאומי
371,"That, yes, he was being sued by a monkey.","זה, כן, הוא נתבע על ידי קוף.",נתבע קוף
372,Naruto didn't make it to the hearing either.,גם נארוטו לא הגיע לשימוע.,לעשות שימוע
373,He stayed in the rainforest in Indonesia.,הוא שהה ביערות הגשם באינדונזיה.,נשאר יער גשם אינדונזיה
374,"And to my knowledge, nobody asked him what he thought of all this.","ולמיטב ידיעתי, אף אחד לא שאל אותו מה הוא חושב על כל זה.",ידיעה שאל חשב
375,"After two years, the humans managed to figure things out on their own.","לאחר שנתיים, בני האדם הצליחו להבין דברים בעצמם.",שנים בני אדם מנוהל דמות דברים בעצמם
376,They told the appellate court they didn't want it to rule in the case after all.,הם אמרו לערכאת הערעור שהם לא רוצים שהיא תכריע בתיק בכל זאת.,אמרו בית משפט לערעורים לא רצה כלל מקרה
377,"And in September, David and PETA announced they'd reached a settlement.","ובספטמבר, דייוויד ו-PETA הודיעו שהם הגיעו להסדר.",ספטמבר הודיעו הגיעו הסדר
378,The details of the settlement are confidential.,פרטי ההסדר חסויים.,פרטים הסדר סודי
379,So I can't tell you much about it.,אז אני לא יכול לספר לך הרבה על זה.,לספר הרבה הנה
380,But here's what I do know.,אבל הנה מה שאני כן יודע.,יודע
381,David Slater still has the monkey selfie copyright registered in his name in two countries.,לדיוויד סלייטר עדיין יש את זכויות היוצרים של הקוף לסלפי על שמו בשתי מדינות.,קוף סלפי זכות יוצרים רשום שם מדינות
382,And he agreed to donate 25% of the proceeds of the photos to protect the crested macaques.,והוא הסכים לתרום 25% מההכנסות של התמונות כדי להגן על מקוק המקוצים.,הסכים לתרום אחוז הכנסות תמונות להגן מקוקים
383,"About Wikipedia, they've still got the monkey selfie up there for anyone to download.","לגבי ויקיפדיה, עדיין יש להם את הסלפי של הקוף שם לכל אחד להוריד.",ויקיפדיה קוף סלפי להוריד
384,They still claim it's in the public domain.,הם עדיין טוענים שזה נחלת הכלל.,טוענים נחלת הכלל
385,"David will have to sue them to get it taken down, which he says he plans to do.","דיוויד יצטרך לתבוע אותם כדי להוריד את זה, מה שלדבריו הוא מתכנן לעשות.",לתבוע נלקח אומר תוכניות
386,There's just one other thing that should be mentioned about Naruto.,יש רק עוד דבר אחד שצריך להזכיר על נארוטו.,אחר דבר מוזכר
387,There were a bunch of monkeys around when the selfies were being taken that day.,היו חבורה של קופים בסביבה כשצילומי הסלפי צולמו באותו יום.,אוסף קופים סלפי צולם יום
388,And PETA consulted with the primatologist who works with those crested black macaques.,ו-PETA התייעצה עם הפרימטולוג שעובד עם אותם מקוק שחור מצויץ.,התייעצו פרימטולוג עובדת שחור מקוקים
389,She's the one who identified Naruto as the monkey in the famous selfie.,היא זו שזיהתה את נארוטו בתור הקוף בסלפי המפורסם.,זיהתה קוף מפורסם סלפי
390,But David says that's not right.,אבל דוד אומר שזה לא נכון.,אומר
391,Naruto is a male.,נארוטו הוא זכר.,זכר זכר
392,I distinctly remember it being a female.,אני זוכר בבירור שזו הייתה נקבה.,זוכר נקבה
393,I distinctly remember that pink rump which the female macaques have.,אני זוכרת בבירור את הגבעול הוורוד הזה שיש לנקבות המקוקים.,זוכר ורוד עכוז נקבה מקוקים
394,Basically what you're saying is is that Naruto is making a fraudulent claim himself.,בעצם מה שאתה אומר זה שנארוטו טוען בעצמו תביעת הונאה.,פתגם הכנה כזב טענה
395,Yes.,כֵּן.,
396,It's the wrong monkey in court.,זה הקוף הלא נכון בבית המשפט.,טעות קוף בית משפט
397,He's taking credit for an artistic work that was actually made by a female monkey.,הוא לוקח קרדיט על יצירה אמנותית שנעשתה למעשה על ידי קוף נקבה.,לקיחה אמנותי עבודה עשוי נקבה קוף
398,Yeah.,כֵּן.,
399,And I think the feminists amongst us should start to protest.,ואני חושב שהפמיניסטיות שבינינו צריכות להתחיל למחות.,לחשוב פמיניסטיות להתחיל למחות
400,I'm sure she's not the first lady monkey to have this kind of experience.,אני בטוח שהיא לא הקוף של הגברת הראשונה שחווה חוויה כזו.,בטוח גברת קוף חוויה
401,It's in the nature of both humans and monkeys to horse around in front of cameras.,זה בטבע של בני אדם וגם של קופים להסתובב מול מצלמות.,טבע בני אדם קופים להשתטות מול מצלמות
402,"But it's a uniquely human characteristic to spend hundreds of thousands of dollars, years of our lives, to go to court over it.","אבל זה מאפיין אנושי ייחודי להוציא מאות אלפי דולרים, שנים מחיינו, ללכת לבית המשפט על כך.",אנושי מאפין לבזבז מאות אלפים דולרים שנים חיים ללכת בית משפט
