sentence_id,sentence_en,sentence_he
1,"Act One, Monkey in the Middle.","מערכה ראשונה, קוף באמצע."
2,"So there's some places where animals almost never go, places that are designed by humans for humans.","אז יש כמה מקומות שבעלי חיים כמעט ולא הולכים אליהם, מקומות שעוצבו על ידי בני אדם לבני אדם."
3,"This act ends up in a place like that, but it starts about as far from there as you can get.","המעשה הזה מסתיים במקום כזה, אבל הוא מתחיל בערך הכי רחוק משם שאפשר להגיע."
4,Dana Chivvis explains.,דנה צ'יביס מסבירה.
5,Our story begins deep in the rainforests of Indonesia on an island called Sulawesi.,הסיפור שלנו מתחיל עמוק ביערות הגשם של אינדונזיה על אי בשם Sulawesi.
6,"A few years ago, the photographer David Slater traveled there from his home in England to photograph a troop of monkeys.",לפני כמה שנים נסע לשם הצלם דיוויד סלייטר מביתו באנגליה כדי לצלם להקת קופים.
7,"I'd gone a whole day just following them into the thick of the forest, through the tangles and the vines and the muddy undergrowth and the cobwebs and the poisonous snakes.","הלכתי יום שלם רק בעקבותיהם לתוך עובי היער, דרך הסבך והגפנים והסבך הבוצי וקורי העכביש והנחשים הרעילים."
8,"Oh, man.","הו, בנאדם."
9,"You name it, I had to go through it.","אתה שם את זה, הייתי צריך לעבור את זה."
10,And it was just so amazing just to be like a monkey.,וזה היה פשוט כל כך מדהים להיות כמו קוף.
11,I was a monkey honestly.,הייתי קוף בכנות.
12,"I had met monkeys before, like I said, all over the world.","פגשתי קופים בעבר, כמו שאמרתי, בכל העולם."
13,"And I know a little bit about monkey etiquette and showing your teeth not to show your teeth, not to stare them in the face.","ואני יודע קצת על כללי התנהגות של קופים ועל להראות את השיניים שלך כדי לא להראות את השיניים שלך, לא לבהות אותן בפנים."
14,"Yeah, this is one of the secrets, actually, of being able to get good photography is making the animal relaxed.","כן, זה בעצם אחד הסודות של היכולת לצלם טוב הוא עושה את החיה רגועה."
15,There was one shot David really wanted to get a full face portrait with a wide angle lens.,היה צילום אחד שדיוויד באמת רצה לקבל דיוקן פנים מלא עם עדשה רחבה.
16,"But every time he got close to taking the shot, the monkeys would look away.","אבל בכל פעם שהיה קרוב לזריקה, הקופים היו מסיטים את מבטם."
17,"So after two days of these near misses, he changed strategies.","אז אחרי יומיים של החמצות כמעט, הוא שינה אסטרטגיות."
18,He put his camera on a tripod and threw down some cookies to try to entice the monkeys over.,הוא שם את המצלמה שלו על חצובה וזרק כמה עוגיות כדי לנסות לפתות את הקופים.
19,He was hoping they'd get curious about the camera and start pushing the button themselves.,הוא קיווה שהם יסתקרנו לגבי המצלמה ויתחילו ללחוץ על הכפתור בעצמם.
20,They were curious.,הם היו סקרנים.
21,They were not pushing the button.,הם לא לחצו על הכפתור.
22,So David attached a cable with a button on the end of it to the camera.,אז דוד חיבר כבל עם כפתור בקצה שלו למצלמה.
23,The monkeys liked that.,הקופים אהבו את זה.
24,"They started playing with it, putting it in their mouths, fighting over it.","הם התחילו לשחק עם זה, הכניסו אותו לפה שלהם, נלחמו על זה."
25,"And of course when it got pressed, they automatically looked into the lens.","וכמובן שכאשר זה נלחץ, הם הסתכלו אוטומטית לתוך העדשה."
26,"And the fact that it's going ch, ch, ch, ch, ch, it's monkey language.","והעובדה שזה הולך ch, ch, ch, ch, ch, זה שפת קופים."
27,They fired off a few shots.,הם ירו כמה יריות.
28,David reviewed them.,דוד סקר אותם.
29,"They weren't bad, a little out of focus.","הם לא היו רעים, קצת לא בפוקוס."
30,So he adjusted the settings and put the camera back.,אז הוא התאים את ההגדרות והחזיר את המצלמה.
31,The monkeys were into the whole project by now.,הקופים כבר היו מעורבים בכל הפרויקט.
32,"In fact, they were getting a little too excited.","למעשה, הם התרגשו קצת מדי."
33,They almost knocked the tripod over.,הם כמעט הפילו את החצובה.
34,So David laid down on his stomach and stretched his arm out to steady the tripod with two fingers.,אז דוד נשכב על בטנו ומתח את זרועו כדי לייצב את החצובה בשתי אצבעות.
35,A few other monkeys noticed their strange new friend lying full out on the floor and hopped onto his back.,כמה קופים אחרים הבחינו בחבר החדש והמוזר שלהם שוכב מלא על הרצפה וקפצו על גבו.
36,"So I had monkeys on my back whilst I'm trying to keep my camera from being knocked, while some monkeys, or two or three monkeys, are trying to play with the button.","אז היו לי קופים על הגב בזמן שאני מנסה למנוע מהמצלמה שלי להידפק, בעוד כמה קופים, או שניים או שלושה קופים, מנסים לשחק עם הכפתור."
37,"And all of a sudden, I heard the camera going off.",ופתאום שמעתי את המצלמה נכבית.
38,And I didn't dare.,ולא העזתי.
39,"I knew that if I looked up at them, they would probably look away.","ידעתי שאם אסתכל עליהם, הם כנראה יפנו את מבטם."
40,"So I let them click it, click it, click it.","אז נתתי להם ללחוץ עליו, ללחוץ עליו, ללחוץ עליו."
41,"And I sort of very carefully looked up to see them pulling these amazing contorted faces, like howling mouths, and the smiling mouth, and more besides.","ובזהירות רבה הסתכלתי למעלה וראיתי אותם מושכים את הפרצופים המעוותים המדהימים האלה, כמו פיות מייללים, והפה המחייך, ועוד חוץ מזה."
42,"The monkeys were taking selfies amazing, beautiful, weird selfies.","הקופים צילמו סלפי מדהימים, יפים ומוזרים."
43,I just wanted it to go on forever really.,רק רציתי שזה יימשך לנצח באמת.
44,"When David finally stood up and checked their work, he saw that the shots weren't just regular, old, everyday selfies.","כשדיוויד סוף סוף קם ובדק את עבודתם, הוא ראה שהצילומים לא היו רק תמונות סלפי רגילות, ישנות ויומיומיות."
45,They weren't that guy at the gym taking pictures of his muscles in the mirror.,הם לא היו הבחור הזה בחדר הכושר שצילם את השרירים שלו במראה.
46,"These were next level, transcendentally good.","אלה היו ברמה הבאה, טובים בצורה טרנסצנדנטית."
47,They somehow escape the bounds of selfie and enter the realm of art.,הם איכשהו בורחים מגבולות הסלפי ונכנסים לתחום האמנות.
48,There was one shot in particular that caught David's eye.,הייתה ירייה אחת במיוחד שצדה את עינו של דוד.
49,The monkey's face is very close to the camera looking straight into the lens.,פניו של הקוף קרובים מאוד למצלמה ומביטות היישר לתוך העדשה.
50,It's hair perfectly coiffed.,זה שיער מכוסה בצורה מושלמת.
51,"Eyes friendly, big and round and amber.","עיניים ידידותיות, גדולות ועגולות וענבריות."
52,"All of which are nice details, and details are important.","כולם פרטים נחמדים, ופרטים חשובים."
53,"But the focus of this selfie, the main event, is the monkey's self-satisfied grin teeth that are too big for its mouth with gaps between them, a real grin, like he knows he's smiling for a picture.","אבל הפוקוס של הסלפי הזה, האירוע המרכזי, הוא שיני החיוך המרוצות מעצמו של הקוף שגדולות מדי לפה עם רווחים ביניהן, חיוך אמיתי, כאילו הוא יודע שהוא מחייך לתמונה."
54,I just saw it on the front cover of National Geographic or something like that.,בדיוק ראיתי את זה בשער הקדמי של נשיונל ג'יאוגרפיק או משהו כזה.
55,"And I just thought, I need to get this to my agents.","ופשוט חשבתי, אני צריך להעביר את זה לסוכנים שלי."
56,David and his agents put out a press release about the selfies.,דיוויד וסוכניו הוציאו הודעה לעיתונות על הסלפי.
57,They thought they could grab people's attention with the photos and then use the opportunity to send a message about conservation.,הם חשבו שהם יכולים למשוך את תשומת הלב של אנשים עם התמונות ואז לנצל את ההזדמנות כדי לשלוח הודעה על שימור.
58,"And also they wanted to sell the pictures, of course.","וגם הם רצו למכור את התמונות, כמובן."
59,"These monkeys, crested black macaques, are considered to be critically endangered, which is just one step before extinct in the wild.","הקופים האלה, מקוק שחור מצויץ, נחשבים בסכנת הכחדה חמורה, וזה רק צעד אחד לפני הכחדה בטבע."
60,"They've lost 80% of their population in the last 40 years because of humans, which is why David went to Indonesia in the first place.","הם איבדו 80% מהאוכלוסייה שלהם ב-40 השנים האחרונות בגלל בני אדם, וזו הסיבה שדיוויד נסע לאינדונזיה מלכתחילה."
61,"He wanted to take photographs that would inspire us humans into caring more about these little monkeys, to stop killing them.","הוא רצה לצלם תמונות שיעוררו אותנו בני האדם לדאוג יותר לקופים הקטנים האלה, להפסיק להרוג אותם."
62,"The selfies didn't end up on the cover of National Geographic, but the British tabloids were interested.","צילומי הסלפי לא הגיעו לשער של נשיונל ג'יאוגרפיק, אבל הצהובונים הבריטיים התעניינו."
63,The Daily Mail was the first newspaper to publish the story about the selfies.,"ה""דיילי מייל"" היה העיתון הראשון שפרסם את הסיפור על הסלפי."
64,This was in 2011.,זה היה ב-2011.
65,"Within an hour, it was all over your country, Australia, Germany.","תוך שעה זה היה בכל הארץ שלך, אוסטרליה, גרמניה."
66,I was getting emails everywhere.,קיבלתי מיילים בכל מקום.
67,My inbox went crazy.,תיבת הדואר הנכנס שלי השתגעה.
68,"People wanting to know the story, wanted to use the image.","אנשים שרצו לדעת את הסיפור, רצו להשתמש בתמונה."
69,"Literally, my phone was hot with calls.","פשוטו כמשמעו, הטלפון שלי היה לוהט משיחות."
70,"Over the next few months, the monkey selfies sold pretty well.","במהלך החודשים הבאים, תמונות הסלפי של הקופים נמכרו די טוב."
71,David was licensing them to publications and selling prints.,דוד נתן להם רישיון לפרסומים ולמכור הדפסים.
72,"And then one day, he goes online to research the monkeys.","ואז יום אחד, הוא נכנס לאינטרנט כדי לחקור את הקופים."
73,I started to just search crested black macaque one day in the Google.,התחלתי פשוט לחפש מקוק שחור מצויץ יום אחד בגוגל.
74,"And there was Wikipedia, top of the list as always.","והייתה ויקיפדיה, בראש הרשימה כמו תמיד."
75,"I clicked on that, and there's my image.","לחצתי על זה, והנה התמונה שלי."
76,"And I thought, where have they got this from?","וחשבתי, מאיפה הם הביאו את זה?"
77,Have they been to Caters News Agency and paid a license fee for it?,האם הם היו בסוכנות הידיעות קייטרס ושילמו על כך דמי רישוי?
78,They had not.,הם לא עשו זאת.
79,So I sent them a letter.,אז שלחתי להם מכתב.
80,"Sent them a letter saying, I think you're using this without a license fee.","שלח להם מכתב שאומר, אני חושב שאתה משתמש בזה ללא דמי רישיון."
81,"Could you show me one, or would you pay?","תוכל להראות לי אחד, או שתשלם?"
82,"They wrote back, saying, this image we believe is public domain.","הם כתבו בחזרה ואמרו, התמונה הזו שאנו מאמינים שהיא נחלת הכלל."
83,"In other words, anyone could use it without David's permission, for free.","במילים אחרות, כל אחד יכול להשתמש בו ללא רשותו של דיוויד, בחינם."
84,"To David, that was just stealing.",בעיני דיוויד זו הייתה רק גניבה.
85,He makes a living from selling his pictures.,הוא מתפרנס ממכירת תמונותיו.
86,So it was really helpful to have one that was such a hit.,אז זה היה ממש מועיל לקבל אחד שהיה כל כך להיט.
87,"But now, anyone could download it from Wikipedia and hang it on their wall or print it in their publication.","אבל עכשיו, כל אחד יכול להוריד אותו מויקיפדיה ולתלות אותו על הקיר שלו או להדפיס אותו בפרסום שלו."
88,Wikipedia's opinion is that information on the internet should be free.,דעתה של ויקיפדיה היא שמידע באינטרנט צריך להיות חופשי.
89,And David soon learned that they had decided the selfie was in the public domain.,ודיוויד למד במהרה שהם החליטו שהסלפי הוא נחלת הכלל.
90,Because the monkey pressed the button.,כי הקוף לחץ על הכפתור.
91,So the monkey was technically the creator of the photo.,אז הקוף היה טכנית היוצר של התמונה.
92,"But in Wikipedia's assessment, monkeys can't own copyrights.","אבל להערכת ויקיפדיה, קופים לא יכולים להחזיק בזכויות יוצרים."
93,"Hence, the photo was free and fair for all to use.","לפיכך, התמונה הייתה חופשית והוגנת לשימוש כולם."
94,It belonged to the internet.,זה היה שייך לאינטרנט.
95,David was baffled.,דיוויד היה מבולבל.
96,He thought.,הוא חשב.
97,"Well, surely I've got the copyright.","ובכן, בטח יש לי את זכויות היוצרים."
98,I set it all up.,קבעתי הכל.
99,I've got the intent.,יש לי את הכוונה.
100,I had the creativity.,הייתה לי את היצירתיות.
101,All the monkey did is press the button.,כל מה שהקוף עשה זה ללחוץ על הכפתור.
102,"Wikipedia includes a note below the photo, which reads, quote, ""This file is in the public domain because as the work of a non-human animal it has no human author in whom copyright is vested."" This decision of Wikipedia's, to declare the photo public domain, that was the opening volley in the monkey selfie battle to come.","ויקיפדיה כוללת הערה מתחת לתמונה, שבה נכתב, ציטוט, ""קובץ זה נמצא בנחלת הכלל מכיוון שכיצירה של בעל חיים לא אנושי אין לו מחבר אנושי שזכויות יוצרים נתונות לו"".ההחלטה הזו של ויקיפדיה, להכריז על הצילום כנחלת הכלל, הייתה מטח הפתיחה בקרב הסלפי של הקופים שיגיע."
103,"It was the moment when mother nature was shoved aside, and human nature, with its overstuffed baggage of laws and opinions and domination, took a seat.","זה היה הרגע שבו אמא טבע נדחקה הצידה, והטבע האנושי, עם המטען הגדוש מדי של חוקים ודעות ושליטה, תפס מקום."
104,"David went on the offensive, assembled a team of lawyers, studied up on copyright law.","דוד יצא למתקפה, הרכיב צוות של עורכי דין, למד על דיני זכויות יוצרים."
105,He even looked into finding venture capitalists to fund a lawsuit against Wikipedia.,הוא אפילו בדק למצוא משקיעי הון סיכון שיממנו תביעה נגד ויקיפדיה.
106,Wikimedia that's the foundation that owns Wikipedia they just gave him the finger.,ויקימדיה זו הקרן שבבעלותה ויקיפדיה הם פשוט נתנו לו את האצבע.
107,This was at their big conference in London.,זה היה בכנס הגדול שלהם בלונדון.
108,It's called Wikimania.,זה נקרא ויקימניה.
109,"One of the founders, Jimmy Wales, was there.","אחד המייסדים, ג'ימי וויילס, היה שם."
110,"I soon got to know, from the good Wikipedians out there, that Jimmy Wales and many of the delegates were mocking me by printing out my image on great big boards that were placed all over the conference facility.","עד מהרה למדתי לדעת, מהוויקיפדים הטובים שם, שג'ימי וויילס ורבים מהנציגים לועגים לי על ידי הדפסת התמונה שלי על לוחות גדולים וגדולים שהוצבו בכל רחבי מתקן הוועידה."
111,And Jimmy Wales and various other people were encouraging the delegates to take selfies with my selfie.,וג'ימי וויילס ועוד אנשים שונים עודדו את הנציגים לצלם סלפי עם הסלפי שלי.
112,That's just mean.,זה פשוט מרושע.
113,"There's quite a few of these images around the place on the internet, but the one with Jimmy Wales is particularly odious.","יש לא מעט מהתמונות האלה ברחבי המקום באינטרנט, אבל זו עם ג'ימי וויילס מגעילה במיוחד."
114,Wait.,לַחֲכוֹת.
115,I want to look that up really fast here.,אני רוצה לבדוק את זה ממש מהר כאן.
116,Hang on.,תחזיק מעמד.
117,Yeah.,כֵּן.
118,Jimmy Wales monkey selfie.,סלפי של קוף ג'ימי וויילס.
119,Jimmy Wales Wikimania.,ג'ימי וויילס ויקימניה.
120,Here we go.,הנה אנחנו הולכים.
121,"Oh, yeah.","אה, כן."
122,Look at that.,תראה את זה.
123,"If you type Jimmy Wales monkey selfie into the Google, you'll find a photo of an adult male human holding his phone up in one hand and the monkey selfie in the other right next to his face.","אם תקלידו סלפי של קוף של ג'ימי וויילס בגוגל, תמצאו תמונה של גבר מבוגר מחזיק את הטלפון שלו ביד אחת ואת הסלפי של הקוף בשנייה ממש ליד הפנים שלו."
124,And he's got his lips puckered up like a duck.,ושפתיו מקומטות כמו ברווז.
125,He looks ridiculous.,הוא נראה מגוחך.
126,"Now, is he is that face he's making is that.","עכשיו, האם הוא הפרצוף הזה שהוא עושה הוא זה."
127,"Well, it's like a duck face.","ובכן, זה כמו פרצוף ברווז."
128,I don't know where that comes from.,אני לא יודע מאיפה זה בא.
129,I don't either.,גם אני לא.
130,But a lot of people seem to do this duck lips.,אבל נראה שהרבה אנשים עושים את זה בשפתי ברווז.
131,How did you feel when you saw that Jimmy Wales selfie with your monkey selfie?,איך הרגשת כשראית את הסלפי של ג'ימי וויילס עם הסלפי של הקוף שלך?
132,So angry.,כל כך כועס.
133,David was fighting Goliath.,דוד נלחם בגוליית.
134,"And then one day, the battle took on epic new proportions.","ואז יום אחד, הקרב קיבל פרופורציות חדשות ואפיות."
135,"It was like King Kong walked onto the scene, and now David had to battle him too.","זה היה כאילו קינג קונג נכנס למקום, ועכשיו דיוויד נאלץ להילחם גם בו."
136,The dispute with Wikimedia had generated some press in the UK.,המחלוקת עם ויקימדיה יצרה כמה עיתונות בבריטניה.
137,"And one day, David's wife was online.","ויום אחד, אשתו של דוד הייתה מקוונת."
138,There it was.,הנה זה היה.
139,Photographer being sued by a monkey.,צלם נתבע על ידי קוף.
140,You found out the monkey was suing you because your wife found it online.,גילית שהקוף תובע אותך כי אשתך מצאה אותו באינטרנט.
141,Yeah.,כֵּן.
142,"Just as I found out Wikipedia was stealing it because I stumbled across it, I also stumbled across the fact that I was being sued by a monkey.","בדיוק כשגיליתי שוויקיפדיה גונבת אותה כי נתקלתי בה, נתקלתי גם בעובדה שתבעו אותי על ידי קוף."
143,"The monkey in the selfie photos was suing him for copyright infringement with the help of PETA, People for the Ethical Treatment of Animals.","הקוף בתמונות הסלפי תבע אותו על הפרת זכויות יוצרים בעזרת PETA, People for the Ethical Treatment of Animals."
144,David called his lawyers and said.,דוד התקשר לעורכי הדין שלו ואמר.
145,Look.,מַבָּט.
146,Have you seen what's happening now?,ראית מה קורה עכשיו?
147,What can we do?,מה אנחנו יכולים לעשות?
148,"And they said, Dave, this is clearly an April Fools'.","והם אמרו, דייב, ברור שזה אחד באפריל."
149,Somebody is having you on.,מישהו מחזיק אותך.
150,"They said, just sit back.",
151,Let's see what happens.,בוא נראה מה יקרה.
152,But do not respond to it.,אבל אל תגיב לזה.
153,And you can't you've got nothing to worry about until you get served papers.,ואתה לא יכול שאין לך מה לדאוג עד שיגישו לך ניירות.
154,Let's see what happens.,בוא נראה מה יקרה.
155,Right.,יָמִינָה.
156,"And sure enough, one afternoon I was at home.","ובאמת, אחר הצהריים אחד הייתי בבית."
157,And there's a knock at the door.,והנה דפיקה בדלת.
158,And a man in a black suit was standing in my porch way.,ואדם בחליפה שחורה עמד בדרכי למרפסת.
159,I opened the door.,פתחתי את הדלת.
160,He thrust a large A4-sized white envelope in my hand.,הוא תחב בידי מעטפה לבנה גדולה בגודל A4.
161,"And he says, I've been instructed to pass these to you.","והוא אומר, קיבלתי הוראה להעביר לך את אלה."
162,"So I said, what are they?","אז אמרתי, מה הם?"
163,And I opened it in front of him.,ופתחתי אותו לפניו.
164,And I took it out.,והוצאתי את זה.
165,"And I said to him, do you know what this is?","ואמרתי לו, אתה יודע מה זה?"
166,"And he said, not really.","והוא אמר, לא ממש."
167,"I said, I'm being sued by a monkey.","אמרתי, קוף תובע אותי."
168,And I showed him.,והראיתי לו.
169,And he started laughing.,והוא התחיל לצחוק.
170,And we had a little chat.,וניהלנו שיחה קטנה.
171,Because he was just a local from a local firm down the road from me.,כי הוא היה רק ​​מקומי מחברה מקומית בהמשך הדרך ממני.
172,And he went on his merry way.,והוא המשיך בדרכו העליזה.
173,I've read the complaint.,קראתי את התלונה.
174,It's kind of weird.,זה קצת מוזר.
175,You flip through pages and pages of legalese about copyright law.,אתה מדפדף בין דפים ודפים של משפטים בנושא חוק זכויות יוצרים.
176,"And then at the end when you get to the exhibits, it's just a bunch of monkey selfies, grinning, serious, howling monkey selfies like a legal document put together by Curious George.","ואז בסוף כשאתה מגיע לתערוכות, זה רק חבורה של סלפי קופים, סלפי קופים מחייכים, רציניים, מייללים כמו מסמך משפטי שהרכיב ג'ורג' הסקרן."
177,"The monkey, whose name is Naruto, was suing David through his next friends, People for the Ethical Treatment of Animals.","הקוף, ששמו נארוטו, תבע את דיוויד דרך חבריו הבאים, אנשים למען היחס האתי לבעלי חיים."
178,"The case is officially called Naruto, a Crested Macaque, by and through his Next Friends, People for the Ethical Treatment of Animals, Inc., v David John Slater, an Individual.","התיק נקרא רשמית נארוטו, מקוק מצויד, על ידי ובאמצעות חבריו הבאים, אנשים למען היחס האתי לבעלי חיים, בע""מ, נגד דייוויד ג'ון סלייטר, אינדיווידואל."
179,"In legal parlance, next friend is a status like guardian.","בשפה המשפטית, חבר הבא הוא סטטוס כמו אפוטרופוס."
180,"When someone can't represent themselves in court, the next friend can step in for them.","כשמישהו לא יכול לייצג את עצמו בבית המשפט, החבר הבא יכול להתערב עבורו."
181,That's just the same as if it was a baby or a disabled adult who couldn't speak or represent himself.,זה בדיוק אותו דבר כאילו היה זה תינוק או מבוגר מוגבל שלא יכול לדבר או לייצג את עצמו.
182,I see.,אני רואה.
183,That's not unusual in human law.,זה לא חריג בחוק האנושי.
184,PETA has a reputation for pulling stunts to attract attention to the plight of animals.,ל-PETA יש מוניטין של ביצוע פעלולים כדי למשוך תשומת לב למצוקתן של בעלי חיים.
185,"Once, they dumped horse manure on the sidewalk outside Gordon Ramsay's restaurant in London after a guest on his cooking show made a dish with horse meat.",פעם הם השליכו זבל סוסים על המדרכה מחוץ למסעדה של גורדון רמזי בלונדון לאחר שאורח בתוכנית הבישול שלו הכין מנה עם בשר סוס.
186,They made a comic book called Your Mommy Kills Animals and then handed it out to moms who were wearing fur coats at performances of the Nutcracker.,הם הכינו ספר קומיקס בשם Your Mommy Kills Animals ואז חילקו אותו לאמהות שלבשו מעילי פרווה בהופעות של מפצח האגוזים.
187,"They campaigned to change the word fish to sea kittens so that people would associate seafood with their adorable kitty cats and stop eating them the fish, I mean.","הם עשו קמפיין לשנות את המילה דגים לגורי ים כדי שאנשים יקשרו פירות ים עם חתולי החתולים המקסימים שלהם ויפסיקו לאכול להם את הדגים, זאת אומרת."
188,But Jeff Kerr he's the general counsel to PETA he says this monkey selfie case is not one of those stunts.,"אבל ג'ף קר הוא היועץ הכללי של PETA, הוא אומר שמקרה הסלפי של הקוף הוא לא אחד מהפעלולים האלה."
189,We first saw the monkey selfie in approximately 2014 when the dispute between Mr. Slater and Wikimedia became international news.,ראינו לראשונה את הסלפי של הקוף בערך בשנת 2014 כאשר המחלוקת בין מר סלייטר וויקימדיה הפכה לחדשות בינלאומיות.
190,"Our view was immediately that Naruto, who created the photograph, should own the copyright to it.","השקפתנו הייתה מיד שנארוטו, שיצר את התצלום, צריך להיות בעל זכויות היוצרים עליו."
191,"Jeff saw the dispute as this photographer wants to sue Wikimedia, and Wikimedia is claiming the photo is in the public domain.","ג'ף ראה את המחלוקת שכן הצלם הזה רוצה לתבוע את ויקימדיה, וויקימדיה טוענת שהתמונה היא נחלת הכלל."
192,But who's standing up for the monkey?,אבל מי עומד בעד הקוף?
193,That's what the law is.,זה מה שהחוק.
194,"And our argument, very simply, is that that should apply equally to him, even though he simply happens not to have been born human.","והטענה שלנו, בפשטות רבה, היא שזה צריך לחול עליו באותה מידה, למרות שהוא פשוט במקרה לא נולד בן אדם."
195,"But certainly the monkey didn't think like, now this is great.","אבל בהחלט הקוף לא חשב כאילו, עכשיו זה נהדר."
196,I've got a camera in my hands.,יש לי מצלמה בידיים.
197,I'm going to snap a couple frames and update my Bumble profile with whatever I get.,אני הולך לצלם כמה פריימים ולעדכן את פרופיל Bumble שלי עם כל מה שאקבל.
198,"The monkey's not thinking of it as, I'm taking a photograph here.","הקוף לא חושב על זה, אני מצלם כאן."
199,But that's not required under the copyright law.,אבל זה לא נדרש על פי חוק זכויות היוצרים.
200,"All that's required is that the copyright law simply provides that the author, the creator of the image, is entitled to own it.","כל מה שנדרש הוא שחוק זכויות היוצרים פשוט קובע שהיוצר, היוצר של התמונה, זכאי להחזיק בה."
201,It doesn't say that the author has to know that he or she is making a photograph.,זה לא אומר שהכותב צריך לדעת שהוא או היא מצלמים.
202,"If somebody gives you their camera and asks you to take a photograph, and you arrange them and you take the photograph, under those circumstances, you technically would own the copyright.","אם מישהו נותן לך את המצלמה שלו ומבקש ממך לצלם, ואתה מסדר אותם ואתה מצלם את התמונה, בנסיבות האלה, מבחינה טכנית תהיה לך זכויות היוצרים."
203,There are like 20 French tourists that I need to sue.,יש בערך 20 תיירים צרפתים שאני צריך לתבוע.
204,PETA is an American organization.,PETA הוא ארגון אמריקאי.
205,And the case was to be heard in federal court in San Francisco.,והתיק היה אמור להידון בבית משפט פדרלי בסן פרנסיסקו.
206,David talked to his lawyers in England.,דיוויד שוחח עם עורכי הדין שלו באנגליה.
207,And they told him he needed to hire an American attorney and fight this.,"והם אמרו לו שהוא צריך לשכור עו""ד אמריקאי ולהילחם בזה."
208,"I was advised by talking to these attorneys that I really did need to follow this through, because there would be a chance, an outside chance albeit, of it just going the monkey's way if I didn't challenge it.","ייעצו לי בשיחה עם עורכי הדין האלה שאני באמת צריך לבצע את זה, כי יהיה סיכוי, אם כי סיכוי חיצוני, שזה פשוט ילך לדרכו של הקוף אם לא אאתגר אותו."
209,The monkey would win?,הקוף ינצח?
210,Yeah.,כֵּן.
211,"Well, it was in the court in California.","ובכן, זה היה בבית המשפט בקליפורניה."
212,And everybody has the opinion that anything can happen there.,ולכולם יש דעה שהכל יכול לקרות שם.
213,I don't know how true that is.,אני לא יודע כמה זה נכון.
214,But I was being told I can't take that risk.,אבל אמרו לי שאני לא יכול לקחת את הסיכון הזה.
215,But of course.,אבל כמובן.
216,Have you been to California?,היית בקליפורניה?
217,"Well, no.","ובכן, לא."
218,It's kind of true.,זה די נכון.
219,David hired Andrew Dhuey to represent him.,דייוויד שכר את אנדרו דהוי לייצג אותו.
220,Do you remember when you first heard about the case?,אתה זוכר מתי שמעת לראשונה על המקרה?
221,Was it when did David call you?,מתי דיוויד התקשר אליך?
222,Is that how you first heard about it?,ככה שמעת על זה לראשונה?
223,"No, I read about it.","לא, קראתי על זה."
224,And I don't remember where I read about it.,ואני לא זוכר איפה קראתי על זה.
225,But I got pretty excited when I saw that it was filed in San Francisco federal court because I'm right across the bay in Berkeley.,אבל די התרגשתי כשראיתי שזה הוגש לבית המשפט הפדרלי בסן פרנסיסקו כי אני ממש מעבר למפרץ בברקלי.
226,"So I thought, wow, I would be perfect for this case.","אז חשבתי, וואו, אני אהיה מושלם עבור המקרה הזה."
227,Andrew is an intellectual property lawyer.,אנדרו הוא עורך דין קניין רוחני.
228,Works for himself.,עובד בשביל עצמו.
229,"And when he read about the case, he reached out to David to ask if he could take it.","וכשקרא על המקרה, הוא פנה אל דוד לשאול אם הוא יכול לקחת את זה."
230,Why did you think you were perfect for the case?,למה חשבת שאתה מושלם לתיק?
231,"Well, I think the case kind of lent itself to making monkey puns and things like that.","ובכן, אני חושב שהמקרה די השאיל את עצמו ליצירת משחקי מילים של קופים ודברים כאלה."
232,And I just thought that would be I kind of like to do that.,ופשוט חשבתי שזה יהיה שאני די אוהב לעשות את זה.
233,I like to joke around.,אני אוהב להתבדח.
234,I don't know if you've seen my LinkedIn profile.,אני לא יודע אם ראית את פרופיל הלינקדאין שלי.
235,I'm in a Chippendales costume.,אני בתחפושת של צ'יפנדיילס.
236,"For his LinkedIn picture, Andrew chose a shot of himself wearing eyeglasses, a bow tie, and nothing else.","לתמונת הלינקדאין שלו, אנדרו בחר תמונה שלו עם משקפי ראייה, עניבת פרפר ותו לא."
237,"All these years I've been practicing for like 25 years, and I've never been able to joke around in anything I filed in court.","כל השנים האלה אני מתאמן 25 שנה, ומעולם לא הצלחתי להתבדח בשום דבר שהגשתי לבית המשפט."
238,"So I was like, hey, this would actually be a case where I could do that.","אז חשבתי, היי, זה באמת יהיה מקרה שבו אני יכול לעשות את זה."
239,"That said, he's a real intellectual property lawyer.","עם זאת, הוא עורך דין קניין רוחני אמיתי."
240,"He's defended the toy company Wham-O, won an important case against Panasonic.","הוא הגן על חברת הצעצועים Wham-O, זכה בתיק חשוב נגד פנסוניק."
241,"And for Andrew, the case was a one banana problem.","ועבור אנדרו, המקרה היה בעיה של בננה אחת."
242,He answered Naruto's complaint with a motion to dismiss the case.,הוא ענה לתלונתו של נארוטו בבקשה לבטל את התיק.
243,"Monkeys, he said, do not have standing to sue in federal court.","לקופים, אמר, אין סמכות לתבוע בבית משפט פדרלי."
244,His argument is based on a precedent set in 2004 in a case called Cetacean Community v George W.,הטיעון שלו מבוסס על תקדים שנקבע בשנת 2004 בתיק בשם Cetacean Community v George W.
245,"Bush, in which all the world's whales, porpoises, and dolphins sued the president.","בוש, שבו תבעו את הנשיא כל הלווייתנים, החזירונים והדולפינים בעולם."
246,"All the world's whales, porpoises, and dolphins argued that the military's use of underwater sonar was hurting them, changing their natural behaviors, like eating and mating.","כל הלווייתנים, הדולפינים והדולפינים בעולם טענו שהשימוש של הצבא בסונאר תת-מימי פוגע בהם, משנה את ההתנהגויות הטבעיות שלהם, כמו אכילה והזדווגות."
247,"Basically, sonar is just an incredibly loud sound wave.","בעיקרון, סונאר הוא רק גל קול חזק להפליא."
248,"So cetaceans, that's a scientific word for a category of marine mammal cetaceans flee when they hear sonar, sometimes even beating themselves to get away.","אז לוונים, זו מילה מדעית לקטגוריה של לומני יונקים ימיים בורחים כשהם שומעים סונאר, לפעמים אפילו מכים את עצמם כדי לברוח."
249,"In that case, the Ninth Circuit Court of Appeals decided that unless Congress explicitly states otherwise, animals do not have standing to sue in federal court.","במקרה זה, בית המשפט התשיעי לערעורים החליט כי אלא אם כן הקונגרס קבע אחרת במפורש, לבעלי חיים אין זכות לתבוע בבית משפט פדרלי."
250,So that's the case Andrew pointed to in his defense.,אז זה המקרה שאנדרו הצביע עליו להגנתו.
251,"But PETA hired an outside attorney to represent the monkey Naruto in court, a guy named David Schwarz.","אבל PETA שכרה עורך דין חיצוני שייצג את הקוף נארוטו בבית המשפט, בחור בשם דיוויד שוורץ."
252,"This guy, Schwarz, he comes from a fancy law firm in Los Angeles known for intellectual property law.","הבחור הזה, שוורץ, הוא בא ממשרד עורכי דין מפואר בלוס אנג'לס הידוע בדיני קניין רוחני."
253,Most of his case was an intellectual property argument that Naruto was the legal owner of the copyright because he was the one who made the photo.,רוב המקרה שלו היה טיעון קניין רוחני לפיו נארוטו היה הבעלים החוקי של זכויות היוצרים מכיוון שהוא זה שעשה את התמונה.
254,But PETA also saw this case as an opportunity to nudge the law and set a precedent.,אבל PETA גם ראתה במקרה הזה הזדמנות לדחוף את החוק וליצור תקדים.
255,They disagreed with the ruling in the cetacean case.,הם לא הסכימו עם הפסיקה בעניין השכינה.
256,They believe animals should have recourse in court.,הם מאמינים שבעלי חיים צריכים לפנות לבית המשפט.
257,"Calling civil matter 15-4324, Naruto v David John Slater, et al.","קורא לעניין אזרחי 15-4324, Naruto v David John Slater, et al."
258,"Counsel, please come forward and state your appearance.","עורך דין, בבקשה בוא קדימה והצהיר על הופעתך."
259,This is a recording from the hearing in the federal district court in San Francisco.,מדובר בהקלטה מהדיון בבית המשפט המחוזי הפדרלי בסן פרנסיסקו.
260,The judge asked Schwarz if he has an example of an animal ever being granted a copyright.,השופט שאל את שוורץ אם יש לו דוגמה לכך שחיה קיבלה אי פעם זכויות יוצרים.
261,"In the vast history of common law prior to the Copyright Act, was there do you have an example of where an animal was granted a copyright?","בהיסטוריה העצומה של המשפט המקובל לפני חוק זכויות היוצרים, האם יש לך דוגמה למקום שבו ניתנה לבעל חיים זכויות יוצרים?"
262,I do not have an example where an animal was granted a copyright.,אין לי דוגמה שבה ניתנה זכויות יוצרים לחיה.
263,We could make the counterargument as to how other humans were denied protection under that law due to the color of their skin.,נוכל להעלות את הטיעון הנגדי לגבי האופן שבו נמנעה מבני אדם אחרים הגנה על פי חוק זה בשל צבע עורם.
264,One could see the contradiction in a statutory interpretation where we see that problem in the antebellum days.,אפשר לראות את הסתירה בפרשנות סטטוטורית שבה אנו רואים את הבעיה הזו בימי קדם הבל.
265,But when you look at the cornerstones of.,אבל כשמסתכלים על אבני היסוד של.
266,"That's quite a stretch, Mr. Schwarz.","זה די מתיחה, מר שוורץ."
267,Just to pause on this for a moment.,רק לעצור על זה לרגע.
268,"Yes, Schwarz is comparing a monkey's lack of copyright to chattel slavery, which is offensive and seems weirdly blind to the racist history of comparing black people and monkeys.","כן, שוורץ משווה חוסר זכויות יוצרים של קוף לעבדות מטלטלין, שהיא פוגענית ונראית עיוורת באופן מוזר להיסטוריה הגזענית של השוואה בין שחורים לקופים."
269,Even Schwarz seems uncomfortable with it.,אפילו שוורץ נראה לא בנוח עם זה.
270,He's saying that denying a monkey the right to own property because of its species is the same as denying humans the right to own property because of the color of their skin.,הוא אומר שמניעת הזכות לבעלות על רכוש מקוף בגלל המין שלו זהה לשלילת זכות הקניין מבני אדם בגלל צבע עורם.
271,"That's quite a stretch, Mr. Schwarz.","זה די מתיחה, מר שוורץ."
272,Pardon me?,סליחה?
273,That's quite a stretch.,זה די מתיחה.
274,But go ahead.,אבל קדימה.
275,And I certainly wouldn't make it the centerpiece of any argument here today.,ובוודאי שלא הייתי הופך את זה למרכז של שום ויכוח כאן היום.
276,"But it is fair to say that before the adoption of the 14th Amendment, the concepts of property ownership in the area of patents foreclosed the ability of a slave to claim ownership to a patent.","אבל זה הוגן לומר שלפני אימוץ התיקון ה-14, המושגים של בעלות על רכוש בתחום הפטנטים עיקלו את יכולתו של עבד לתבוע בעלות על פטנט."
277,What's going on here is that PETA sees the monkey selfie case in the context of a larger end game.,מה שקורה כאן הוא ש-PETA רואה את מקרה הסלפי של הקוף בהקשר של משחק קצה גדול יותר.
278,"If they can get a court to agree that denying a monkey the right to own property is the same as denying a human the right to own property, that opens the door for the legal system to completely reconsider the legal status of animals.","אם הם יכולים לגרום לבית משפט להסכים שמניעת הזכות לבעלות על רכוש מקוף זהה לשלילת זכות הקניין מאדם, זה פותח את הדלת למערכת המשפטית לשקול מחדש לחלוטין את המעמד המשפטי של בעלי חיים."
279,An animal would be declared an owner of property instead of just being property.,בעל חיים יוכרז כבעל רכוש במקום להיות רק רכוש.
280,This isn't the first time PETA has tried an argument like this in the courts.,זו לא הפעם הראשונה ש-PETA מנסה טיעון כזה בבתי המשפט.
281,"In 2011, they sued SeaWorld on behalf of five orcas at SeaWorld Orlando and SeaWorld San Diego.",ב-2011 הם תבעו את SeaWorld בשם חמישה אורקות ב-SeaWorld אורלנדו וב-SeaWorld סן דייגו.
282,"Orcas are huge, 20 to 30 feet long.","אורקות הם ענקיים, באורך של 20 עד 30 רגל."
283,And they weigh about six tons.,והם שוקלים כשישה טון.
284,They typically travel around 75 miles in a day.,הם בדרך כלל נוסעים בסביבות 75 מייל ביום.
285,"PETA said that keeping these orcas at SeaWorld in small concrete tanks against their will to perform for human entertainment, that was slavery.","PETA אמר כי החזקת האורקות הללו ב-SeaWorld במיכלי בטון קטנים בניגוד לרצונם להופיע למען בידור אנושי, זו הייתה עבדות."
286,PETA lost that case.,PETA הפסידה בתיק הזה.
287,But SeaWorld has agreed to end its captive orca program after the last of their 27 orcas dies.,אבל סי-וורלד הסכימה לסיים את תוכנית האורקה השבויה שלה לאחר שמת האחרון מבין 27 האורקות שלהם.
288,"To understand why PETA is pursuing cases like these, you have to consider two very different pictures about how the world works.","כדי להבין מדוע PETA רודפת מקרים כמו אלה, אתה צריך לשקול שתי תמונות שונות מאוד על איך העולם עובד."
289,"In one of them, humans are at the top of the food chain-- either because God wanted it that way, or because we figured out how to use our opposable thumbs so well that we could hunt and gather, and till the soil, and build cities, and create copyright laws.","באחד מהם, בני האדם נמצאים בראש שרשרת המזון - או בגלל שאלוהים רצה את זה ככה, או בגלל שמצאנו איך להשתמש באגודלים המנוגדים שלנו כל כך טוב שנוכל לצוד ולאסוף, ולעבד את האדמה, ולבנות ערים, וליצור חוקי זכויות יוצרים."
290,We make the rules for everything else in this world.,אנחנו קובעים את הכללים לכל דבר אחר בעולם הזה.
291,And the other picture-- and this is the one PETA has hanging on their wall-- humans are not at the top.,והתמונה השנייה - וזו התמונה של PETA תלויה על הקיר שלהם - בני אדם לא נמצאים בראש.
292,Humans are just another mammal walking around on earth.,בני אדם הם רק עוד יונק שמסתובב על פני כדור הארץ.
293,"And if we're going to give ourselves certain rights as humans, we should extend those rights to our fellow animals.","ואם אנחנו מתכוונים לתת לעצמנו זכויות מסוימות כבני אדם, עלינו להרחיב את הזכויות הללו לאחיינו החיות."
294,You guys are saying humans are not superior to other animals.,אתם אומרים שבני אדם אינם עדיפים על חיות אחרות.
295,We're not.,אנחנו לא.
296,We are just another member of the animal kingdom.,אנחנו רק עוד חבר בממלכת החיות.
297,And it doesn't it's just prejudice and hubris that prevents us many times from seeing that.,וזה לא רק דעות קדומות והיבריס שמונעים מאיתנו הרבה פעמים לראות את זה.
298,"This is Jeff Kerr again, the general counsel to PETA.","זה שוב ג'ף קר, היועץ הכללי של PETA."
299,That property status is something that we think is just an abomination.,מעמד הרכוש הזה הוא משהו שאנחנו חושבים שהוא רק תועבה.
300,"Like Naruto, these animals are feeling, sentient beings.","כמו נארוטו, החיות הללו הן יצורים חשים ובעלי חיים."
301,"They should be entitled to fundamental legal rights beyond simply food, water, veterinary care, and shelter.","הם צריכים להיות זכאים לזכויות יסוד משפטיות מעבר למזון, מים, טיפול וטרינרי ומחסה בלבד."
302,"This idea that animals should have recognized, fundamental legal rights is not unprecedented.",הרעיון הזה שבעלי חיים היו צריכים להכיר בזכויות משפטיות בסיסיות אינו חסר תקדים.
303,"Three years ago in Argentina, a judge granted a habeas corpus petition filed on behalf of an orangutan at a zoo in Buenos Aires.","לפני שלוש שנים בארגנטינה, קיבל שופט עתירה שהוגשה בשם אורנגאוטן בגן חיות בבואנוס איירס."
304,"She was being held in a tiny, crappy cage.",היא הוחזקה בכלוב קטנטן ומחורבן.
305,"The judge decided the orangutan had basic rights as a non-human person, including the right to freedom.","השופט החליט שלאורנגאוטן יש זכויות בסיסיות כאדם לא אנושי, כולל הזכות לחירות."
306,"And in New York state, an attorney is fighting to get the courts to recognize that two captive chimps, Tommy and Kiko, are non-human persons deserving of legal rights, just like corporations get.","ובמדינת ניו יורק, עורך דין נלחם כדי לגרום לבתי המשפט להכיר בכך ששני שימפנזים שבויים, טומי וקיקו, הם אנשים לא אנושיים הראויים לזכויות משפטיות, בדיוק כמו שמקבלים תאגידים."
307,"The thing is David Slater, the photographer who's getting sued by the monkey, he agrees with PETA on this point.","העניין הוא דיוויד סלייטר, הצלם שנתבע על ידי הקוף, הוא מסכים עם PETA בנקודה זו."
308,"In fact, he used to defend PETA to his friends when they grumbled about the stunts.","למעשה, הוא נהג להגן על PETA בפני חבריו כאשר הם רטנו על הפעלולים."
309,David even worked with them once on a campaign to protect wild hogs near his home in England.,דיוויד אפילו עבד איתם פעם אחת בקמפיין להגנה על חזירי בר ליד ביתו באנגליה.
310,That's one of the greatest shames on them is that they've attacked somebody who is trying to achieve the same goal as they are.,זו אחת הבושה הכי גדולה עבורם היא שהם תקפו מישהו שמנסה להשיג את אותה מטרה כמוהם.
311,Saving animals from suffering is a very noble cause.,הצלת בעלי חיים מסבל היא מטרה נעלה מאוד.
312,But I think sometimes they get carried away with their power.,אבל אני חושב שלפעמים הם נסחפים עם הכוח שלהם.
313,"Did the fact that this group that's sort of on your side was the one kind of attacking you or opposing you, did that make you stop ever and think, well, now, wait a minute?","האם העובדה שהקבוצה הזו שנמצאת קצת בצד שלך הייתה הסוג היחיד שתקף אותך או התנגד לך, זה גרם לך לעצור אי פעם ולחשוב, טוב, עכשיו, חכה רגע?"
314,Do they have a point?,יש להם טעם?
315,No.,לֹא.
316,I've had to think very carefully about what my philosophy is.,נאלצתי לחשוב היטב מה הפילוסופיה שלי.
317,"Because the book, my Wildlife Personalities book, that's part of the court case, I argue for animals having more fundamental rights, like dignity, and access to their ancestral forests, and access to food.","מכיוון שהספר, ספר אישיות חיות הבר שלי, זה חלק מתיק בית המשפט, אני טוען שלבעלי חיים יש זכויות בסיסיות יותר, כמו כבוד, וגישה ליערות אבותיהם וגישה למזון."
318,So I am an animal rights advocate.,אז אני חסיד זכויות בעלי חיים.
319,Naruto and PETA lost that first round in court.,נארוטו ו-PETA הפסידו בסיבוב הראשון בבית המשפט.
320,Andrew Dhuey called David to tell him the news.,אנדרו דואי התקשר לדיוויד כדי לבשר לו את החדשות.
321,We just took it very casually.,פשוט לקחנו את זה כלאחר יד.
322,"We just said, yeah, of course.","רק אמרנו, כן, כמובן."
323,Of course that's going to get thrown out.,כמובן שזה ייזרק החוצה.
324,Andrew Dhuey said this all along to me.,אנדרו דהוי אמר לי את זה כל הזמן.
325,There's no way that this is going to go anywhere.,אין סיכוי שזה יגיע לשום מקום.
326,And then the monkey appealed.,ואז הקוף ערער.
327,"Good morning, Your Honors.","בוקר טוב, כבוד הרב."
328,"And may it please the court, David Schwarz on behalf of the appellant.","ויהי רצון לבית המשפט, דוד שוורץ בשם המערער."
329,The case went before three judges on the Ninth Circuit Court of Appeals.,התיק הועבר לשלושה שופטים בבית המשפט התשיעי לערעורים.
330,That's the court that ruled against Trump's travel ban twice this year.,זה בית המשפט שהכריע את איסור הנסיעה של טראמפ פעמיים השנה.
331,These judges are not messing around.,השופטים האלה לא מתעסקים.
332,Schwarz made it 30 seconds into his oral argument before one of the judges interrupted him.,שוורץ עשה זאת 30 שניות לטיעונו בעל פה לפני שאחד השופטים קטע אותו.
333,"Mr. Schwarz, before we get there, there's a preliminary question which I'd like you to address.","מר שוורץ, לפני שנגיע לשם, יש שאלה מקדימה שארצה שתתייחס אליה."
334,"At this stage, the attorneys and the judges are going to debate case law.",בשלב זה עומדים עורכי הדין והשופטים לדון בפסיקה.
335,"And the judges have a lot of questions for Schwarz the first being, how are you qualified to be Naruto's next friend?","ולשופטים יש הרבה שאלות לשוורץ, קודם כל, איך אתה כשיר להיות החבר הבא של נארוטו?"
336,You don't know the monkey.,אתה לא מכיר את הקוף.
337,"And then a few minutes later, Judge Randy Smith interrupts Schwarz to grill him about injury.","ואז כמה דקות לאחר מכן, השופט רנדי סמית' קוטע את שוורץ כדי להגריל אותו לגבי פציעה."
338,That's the legal term for harm or damage.,זה המונח המשפטי לנזק או נזק.
339,"Well, what's your injury?","ובכן, מה הפציעה שלך?"
340,There's no way to acquire or hold some money which the copyright would give.,אין דרך לרכוש או להחזיק כסף שזכויות היוצרים יתנו.
341,There's no losses to reputation.,אין הפסד למוניטין.
342,There's no even allegation that the copyright could have benefited somehow Naruto.,אין אפילו טענה שזכויות היוצרים היו יכולות להועיל איכשהו לנארוטו.
343,What financial benefits apply to him?,אילו הטבות כספיות חלות עליו?
344,There's nothing.,אין כלום.
345,"But, Your Honor, the redressability issue doesn't necessarily turn on the compensation.","אבל, כבוד השופט, סוגיית התיקון לא בהכרח מפעילה את הפיצוי."
346,It could be.,זה יכול להיות.
347,"Well, I want to know what then is the injury.","ובכן, אני רוצה לדעת מהי הפציעה."
348,There's no case that says copyright infringement itself is injury.,אין מקרה שאומר שהפרת זכויות יוצרים עצמה היא פגיעה.
349,So what injury do we have?,אז איזו פציעה יש לנו?
350,"Whatever the legal merits of this case are, there's just something really enjoyable about hearing lawyers throw around terms like redressability and compensation and injury when they're talking about a monkey.","לא משנה מה היתרונות המשפטיים של התיק הזה, יש משהו ממש מהנה בלשמוע עורכי דין זורקים מונחים כמו יכולת תיקון ופיצוי ופציעה כשהם מדברים על קוף."
351,"I mean, if you give me a case that says copyright infringement itself is injury, I'll believe you.","כלומר, אם תביא לי מקרה שאומר שהפרת זכויות יוצרים כשלעצמה היא פגיעה, אני אאמין לך."
352,But I don't think you've given me one.,אבל אני לא חושב שנתת לי אחד.
353,What's your injury?,מה הפציעה שלך?
354,"The judges and Schwarz volley over case law and legal precedent and the definition of author for 20 minutes before handing the floor to David's lawyer, Andrew Dhuey.","השופטים ושוורץ מטפחים על פסיקה ותקדים משפטי ועל הגדרת המחבר במשך 20 דקות לפני שהם מוסרים את הדיבור לעורך דינו של דיוויד, אנדרו דווי."
355,"And after two years of research and legal filings and oral arguments, Dhuey finally gets his wish to make a monkey joke in court.","ואחרי שנתיים של מחקר והגשות משפטיות וטיעונים בעל פה, דואי סוף סוף מקבל את רצונו לעשות בדיחה של קוף בבית המשפט."
356,"Monkey see, monkey sue will not do in federal court.","קוף רואה, תביעת קוף לא תתאים בבית משפט פדרלי."
357,"After that, his oral arguments can pretty much be summed up as, you should throw this case out.","לאחר מכן, ניתן לסכם את הטיעונים בעל פה בערך כך שכדאי לזרוק את התיק הזה."
358,And can you please make PETA pay my legal fees?,והאם אתה יכול בבקשה לגרום ל-PETA לשלם את הוצאות המשפט שלי?
359,"Once Dhuey is done, Angela Dunning gets up.","לאחר שדואי מסיים, אנג'לה דאנינג קמה."
360,She's the codefendant's attorney.,היא עורכת הדין של הנאשם.
361,PETA also sued the self-publishing book company that David had used.,PETA תבעה גם את חברת הספרים להוצאה עצמית שדיוויד השתמש בה.
362,"So Angela Dunning gets up to deliver her defense, which is also pretty straightforward.","אז אנג'לה דאנינג קמה כדי לספק את ההגנה שלה, שהיא גם די פשוטה."
363,Naruto can't benefit financially from his work.,נארוטו לא יכול להרוויח כלכלית מעבודתו.
364,He's a monkey.,הוא קוף.
365,David Slater wasn't in court in San Francisco that day.,דייוויד סלייטר לא היה בבית המשפט בסן פרנסיסקו באותו יום.
366,He didn't want to spend the money to travel all the way to California from Wales.,הוא לא רצה לבזבז את הכסף כדי לנסוע כל הדרך לקליפורניה מוויילס.
367,But he watched the whole hearing online.,אבל הוא צפה בכל הדיון באינטרנט.
368,When I watched itand you see three judges there.,כשצפיתי בו ואתה רואה שם שלושה שופטים.
369,"And then one attorney comes up, and then my attorney comes up, Andrew and then Angela, and they started talking about monkeys.","ואז עורך דין אחד בא, ואז עורך הדין שלי בא, אנדרו ואחר כך אנג'לה, והם התחילו לדבר על קופים."
370,It made it real all of a sudden.,זה הפך את זה למציאותי פתאום.
371,"That, yes, he was being sued by a monkey.","זה, כן, הוא נתבע על ידי קוף."
372,Naruto didn't make it to the hearing either.,גם נארוטו לא הגיע לשימוע.
373,He stayed in the rainforest in Indonesia.,הוא שהה ביערות הגשם באינדונזיה.
374,"And to my knowledge, nobody asked him what he thought of all this.","ולמיטב ידיעתי, אף אחד לא שאל אותו מה הוא חושב על כל זה."
375,"After two years, the humans managed to figure things out on their own.","לאחר שנתיים, בני האדם הצליחו להבין דברים בעצמם."
376,They told the appellate court they didn't want it to rule in the case after all.,הם אמרו לערכאת הערעור שהם לא רוצים שהיא תכריע בתיק בכל זאת.
377,"And in September, David and PETA announced they'd reached a settlement.","ובספטמבר, דייוויד ו-PETA הודיעו שהם הגיעו להסדר."
378,The details of the settlement are confidential.,פרטי ההסדר חסויים.
379,So I can't tell you much about it.,אז אני לא יכול לספר לך הרבה על זה.
380,But here's what I do know.,אבל הנה מה שאני כן יודע.
381,David Slater still has the monkey selfie copyright registered in his name in two countries.,לדיוויד סלייטר עדיין יש את זכויות היוצרים של הקוף לסלפי על שמו בשתי מדינות.
382,And he agreed to donate 25% of the proceeds of the photos to protect the crested macaques.,והוא הסכים לתרום 25% מההכנסות של התמונות כדי להגן על מקוק המקוצים.
383,"About Wikipedia, they've still got the monkey selfie up there for anyone to download.","לגבי ויקיפדיה, עדיין יש להם את הסלפי של הקוף שם לכל אחד להוריד."
384,They still claim it's in the public domain.,הם עדיין טוענים שזה נחלת הכלל.
385,"David will have to sue them to get it taken down, which he says he plans to do.","דיוויד יצטרך לתבוע אותם כדי להוריד את זה, מה שלדבריו הוא מתכנן לעשות."
386,There's just one other thing that should be mentioned about Naruto.,יש רק עוד דבר אחד שצריך להזכיר על נארוטו.
387,There were a bunch of monkeys around when the selfies were being taken that day.,היו חבורה של קופים בסביבה כשצילומי הסלפי צולמו באותו יום.
388,And PETA consulted with the primatologist who works with those crested black macaques.,ו-PETA התייעצה עם הפרימטולוג שעובד עם אותם מקוק שחור מצויץ.
389,She's the one who identified Naruto as the monkey in the famous selfie.,היא זו שזיהתה את נארוטו בתור הקוף בסלפי המפורסם.
390,But David says that's not right.,אבל דוד אומר שזה לא נכון.
391,Naruto is a male.,נארוטו הוא זכר.
392,I distinctly remember it being a female.,אני זוכר בבירור שזו הייתה נקבה.
393,I distinctly remember that pink rump which the female macaques have.,אני זוכרת בבירור את הגבעול הוורוד הזה שיש לנקבות המקוקים.
394,Basically what you're saying is is that Naruto is making a fraudulent claim himself.,בעצם מה שאתה אומר זה שנארוטו טוען בעצמו תביעת הונאה.
395,Yes.,כֵּן.
396,It's the wrong monkey in court.,זה הקוף הלא נכון בבית המשפט.
397,He's taking credit for an artistic work that was actually made by a female monkey.,הוא לוקח קרדיט על יצירה אמנותית שנעשתה למעשה על ידי קוף נקבה.
398,Yeah.,כֵּן.
399,And I think the feminists amongst us should start to protest.,ואני חושב שהפמיניסטיות שבינינו צריכות להתחיל למחות.
400,I'm sure she's not the first lady monkey to have this kind of experience.,אני בטוח שהיא לא הקוף של הגברת הראשונה שחווה חוויה כזו.
401,It's in the nature of both humans and monkeys to horse around in front of cameras.,זה בטבע של בני אדם וגם של קופים להסתובב מול מצלמות.
402,"But it's a uniquely human characteristic to spend hundreds of thousands of dollars, years of our lives, to go to court over it.","אבל זה מאפיין אנושי ייחודי להוציא מאות אלפי דולרים, שנים מחיינו, ללכת לבית המשפט על כך."
